id,product,slug,serial,title,source_file,body_source,char_count,verdict,priority,issue_codes,reason,gemini_batch
ASTRO-BASE-01,astro,astrology-0001,astrology-0001,星盤是什麼？太陽、月亮、上升星座怎麼看,app/web/static/article-registry.js,app/web/static/article-bodies-second-batch.js,695,LIGHT_EDIT,P2,SHORT_BODY,app/web/static/article-bodies-second-batch.js，正文 695 字。 正文僅 695 字，低於基礎概念文建議長度。,
THEME-CAREER-01,fortune,career-0001,career-0001,事業運勢怎麼看？轉職、創業、工作卡住的整理方式,app/web/static/article-registry.js,app/web/static/article-bodies-second-batch.js,706,LIGHT_EDIT,P2,SHORT_BODY,app/web/static/article-bodies-second-batch.js，正文 706 字。 正文僅 706 字，低於基礎概念文建議長度。,
CHART-BASE-01,fortune,fortune-0001,fortune-0001,命盤是什麼？八字、紫微斗數和星盤差在哪,app/web/static/article-registry.js,app/web/static/article-meta.js::fallback-or-inline,704,LIGHT_EDIT,P2,SHORT_BODY,app/web/static/article-meta.js::fallback-or-inline，正文 704 字。 正文僅 704 字，低於基礎概念文建議長度。,
THEME-LIFE-01,fortune,life-direction-0001,life-direction-0001,人生方向迷惘怎麼辦？塔羅、人格與命盤能幫你整理什麼,app/web/static/article-registry.js,app/web/static/article-bodies-second-batch.js,732,LIGHT_EDIT,P2,SHORT_BODY,app/web/static/article-bodies-second-batch.js，正文 732 字。 正文僅 732 字，低於基礎概念文建議長度。,
THEME-WEALTH-01,fortune,wealth-0001,wealth-0001,財富運勢怎麼看？金錢焦慮、資源節奏與風險感,app/web/static/article-registry.js,app/web/static/article-bodies-second-batch.js,699,LIGHT_EDIT,P2,SHORT_BODY,app/web/static/article-bodies-second-batch.js，正文 699 字。 正文僅 699 字，低於基礎概念文建議長度。,
THEME-INTERPERSONAL-01,personality,interpersonal-0001,interpersonal-0001,人際關係卡住怎麼辦？人格、塔羅與命盤可以看什麼,app/web/static/article-registry.js,app/web/static/article-bodies-second-batch.js,771,LIGHT_EDIT,P2,SHORT_BODY,app/web/static/article-bodies-second-batch.js，正文 771 字。 正文僅 771 字，低於基礎概念文建議長度。,
MBTI-BASE-01,personality,personality-0001,personality-0001,MBTI 是什麼？16 型人格、測驗與自我理解怎麼看,app/web/static/article-registry.js,app/web/static/article-meta.js::fallback-or-inline,736,GEMINI_REWRITE,P0,SHORT_BODY|LOW_SCENARIO_DENSITY|SEARCH_INTENT_LAG,app/web/static/article-meta.js::fallback-or-inline，正文 736 字。 正文僅 736 字，低於基礎概念文建議長度。 具體情境/可觀察動詞密度偏低，偵測到 5 個具體訊號。 主關鍵字「MBTI 是什麼」未在正文前 130 字內自然回答。,P0-batch-01
THEME-LOVE-01,tarot,love-0001,love-0001,感情塔羅怎麼問？復合、曖昧、關係卡住怎麼看,app/web/static/article-registry.js,app/web/static/article-bodies-second-batch.js,726,LIGHT_EDIT,P2,SHORT_BODY,app/web/static/article-bodies-second-batch.js，正文 726 字。 正文僅 726 字，低於基礎概念文建議長度。,
TAROT-BASE-01,tarot,tarot-0001,tarot-0001,塔羅牌意思總覽：78 張牌、正位逆位與情境怎麼看,app/web/static/article-registry.js,app/web/static/article-meta.js::fallback-or-inline,730,LIGHT_EDIT,P2,SHORT_BODY,app/web/static/article-meta.js::fallback-or-inline，正文 730 字。 正文僅 730 字，低於基礎概念文建議長度。,
ASTRO-BASE-02,astro,astrology-0002,astrology-0002,上升星座是什麼？它和太陽星座差在哪,app/web/static/article-registry.js,app/web/static/article-bodies-second-batch.js,707,LIGHT_EDIT,P2,SHORT_BODY,app/web/static/article-bodies-second-batch.js，正文 707 字。 正文僅 707 字，低於基礎概念文建議長度。,
THEME-CAREER-02,fortune,career-0002,career-0002,工作很努力卻沒被看見，問題可能在哪？,app/web/static/article-registry.js,app/web/static/article-bodies-second-batch.js,749,LIGHT_EDIT,P2,SHORT_BODY,app/web/static/article-bodies-second-batch.js，正文 749 字。 正文僅 749 字，低於基礎概念文建議長度。,
CHART-BASE-02,fortune,fortune-0002,fortune-0002,八字是什麼？出生年月日時怎麼看人生節奏,app/web/static/article-registry.js,app/web/static/article-meta.js::fallback-or-inline,685,LIGHT_EDIT,P2,SHORT_BODY,app/web/static/article-meta.js::fallback-or-inline，正文 685 字。 正文僅 685 字，低於基礎概念文建議長度。,
THEME-LIFE-02,fortune,life-direction-0002,life-direction-0002,該動還是該等？時機問題先看三個條件,app/web/static/article-registry.js,app/web/static/article-bodies-second-batch.js,697,LIGHT_EDIT,P2,SHORT_BODY,app/web/static/article-bodies-second-batch.js，正文 697 字。 正文僅 697 字，低於基礎概念文建議長度。,
THEME-WEALTH-02,fortune,wealth-0002,wealth-0002,金錢焦慮從哪裡來？先分清收入、支出與安全感,app/web/static/article-registry.js,app/web/static/article-bodies-second-batch.js,725,LIGHT_EDIT,P2,SHORT_BODY,app/web/static/article-bodies-second-batch.js，正文 725 字。 正文僅 725 字，低於基礎概念文建議長度。,
THEME-INTERPERSONAL-02,personality,interpersonal-0002,interpersonal-0002,朋友關係變淡，是自然變化還是需要處理？,app/web/static/article-registry.js,app/web/static/article-bodies-second-batch.js,752,LIGHT_EDIT,P2,SHORT_BODY,app/web/static/article-bodies-second-batch.js，正文 752 字。 正文僅 752 字，低於基礎概念文建議長度。,
MBTI-BASE-02,personality,personality-0002,personality-0002,16 型人格完整整理：特質、感情、工作與人際怎麼看,app/web/static/article-registry.js,app/web/static/article-meta.js::fallback-or-inline,738,LIGHT_EDIT,P2,SHORT_BODY,app/web/static/article-meta.js::fallback-or-inline，正文 738 字。 正文僅 738 字，低於基礎概念文建議長度。,
THEME-LOVE-02,tarot,love-0002,love-0002,曖昧很久沒有進展，該繼續還是停下？,app/web/static/article-registry.js,app/web/static/article-bodies-second-batch.js,757,LIGHT_EDIT,P2,SHORT_BODY,app/web/static/article-bodies-second-batch.js，正文 757 字。 正文僅 757 字，低於基礎概念文建議長度。,
TAROT-BASE-02,tarot,tarot-0002,tarot-0002,塔羅牌正位逆位是什麼？好壞、阻塞與提醒怎麼看,app/web/static/article-registry.js,app/web/static/article-meta.js::fallback-or-inline,730,LIGHT_EDIT,P2,SHORT_BODY,app/web/static/article-meta.js::fallback-or-inline，正文 730 字。 正文僅 730 字，低於基礎概念文建議長度。,
ASTRO-BASE-03,astro,astrology-0003,astrology-0003,月亮星座是什麼？情緒與安全感怎麼看,app/web/static/article-registry.js,app/web/static/article-bodies-second-batch.js,704,LIGHT_EDIT,P2,SHORT_BODY,app/web/static/article-bodies-second-batch.js，正文 704 字。 正文僅 704 字，低於基礎概念文建議長度。,
THEME-CAREER-03,fortune,career-0003,career-0003,現在適合轉職嗎？先分清逃離、成長與方向,app/web/static/article-registry.js,app/web/static/article-bodies-second-batch.js,690,LIGHT_EDIT,P2,SHORT_BODY,app/web/static/article-bodies-second-batch.js，正文 690 字。 正文僅 690 字，低於基礎概念文建議長度。,
CHART-ZIWEI-01,fortune,fortune-0003,fortune-0003,紫微斗數是什麼？命盤十二宮和主星怎麼看,app/web/static/article-registry.js,app/web/static/article-meta.js::fallback-or-inline,717,LIGHT_EDIT,P2,SHORT_BODY,app/web/static/article-meta.js::fallback-or-inline，正文 717 字。 正文僅 717 字，低於基礎概念文建議長度。,
THEME-LIFE-03,fortune,life-direction-0003,life-direction-0003,塔羅怎麼整理人生方向？先把大問題切成下一步,app/web/static/article-registry.js,app/web/static/article-expansion-50.js,1127,GEMINI_REWRITE,P0,TEMPLATE_STRUCTURE|REPEATED_BATCH_COPY,app/web/static/article-expansion-50.js，正文 1127 字。 「人生方向塔羅」正文小標高度模板化，實際小標包含「人生方向塔羅真正要整理的是什麼？」、「人生方向塔羅有哪些可觀察線索？」、「把人生方向塔羅變成下一步」、「人生方向塔羅不能代表什麼？」。 「人生方向塔羅」使用「核心不是找一句立刻生效的答案」或「公開文章能提供整理框架」這類批次完整句型。,P0-batch-01
THEME-WEALTH-03,fortune,wealth-0003,wealth-0003,存不住錢怎麼辦？先看花錢模式與安全感,app/web/static/article-registry.js,app/web/static/article-bodies-second-batch.js,694,LIGHT_EDIT,P2,SHORT_BODY,app/web/static/article-bodies-second-batch.js，正文 694 字。 正文僅 694 字，低於基礎概念文建議長度。,
THEME-INTERPERSONAL-03,personality,interpersonal-0003,interpersonal-0003,為什麼社交後很累？先分清刺激量、角色壓力與界線,app/web/static/article-registry.js,app/web/static/article-expansion-50.js,1127,GEMINI_REWRITE,P0,TEMPLATE_STRUCTURE|REPEATED_BATCH_COPY,app/web/static/article-expansion-50.js，正文 1127 字。 「社交後很累」正文小標高度模板化，實際小標包含「社交後很累真正要整理的是什麼？」、「社交後很累有哪些可觀察線索？」、「把社交後很累變成下一步」、「社交後很累不能代表什麼？」。 「社交後很累」使用「核心不是找一句立刻生效的答案」或「公開文章能提供整理框架」這類批次完整句型。,P0-batch-01
MBTI-BASE-03,personality,personality-0003,personality-0003,MBTI 測驗前先知道：能看什麼、不能代表什麼,app/web/static/article-registry.js,app/web/static/article-meta.js::fallback-or-inline,762,LIGHT_EDIT,P2,SHORT_BODY|LOW_SCENARIO_DENSITY,app/web/static/article-meta.js::fallback-or-inline，正文 762 字。 正文僅 762 字，低於基礎概念文建議長度。 具體情境/可觀察動詞密度偏低，偵測到 3 個具體訊號。,
THEME-LOVE-03,tarot,love-0003,love-0003,復合前要想清楚什麼？先看三個關係問題,app/web/static/article-registry.js,app/web/static/article-bodies-second-batch.js,757,LIGHT_EDIT,P2,SHORT_BODY,app/web/static/article-bodies-second-batch.js，正文 757 字。 正文僅 757 字，低於基礎概念文建議長度。,
TAROT-M00,tarot,tarot-0003,tarot-0003,愚者牌意思：正位、逆位、感情與工作情境怎麼看,app/web/static/article-registry.js,app/web/static/article-card-face-50.js,1287,LIGHT_EDIT,P2,SEARCH_INTENT_LAG,app/web/static/article-card-face-50.js，正文 1287 字。 主關鍵字「愚者牌意思」未在正文前 130 字內自然回答。,
ASTRO-LOVE-01,astro,astrology-0004,astrology-0004,星座感情運勢怎麼看？先分清太陽、月亮與上升,app/web/static/article-registry.js,app/web/static/article-bodies-second-batch.js,712,LIGHT_EDIT,P2,SHORT_BODY,app/web/static/article-bodies-second-batch.js，正文 712 字。 正文僅 712 字，低於基礎概念文建議長度。,
THEME-CAREER-04,fortune,career-0004,career-0004,創業前要想清楚什麼？先看資源、風險與動機,app/web/static/article-registry.js,app/web/static/article-bodies-second-batch.js,710,LIGHT_EDIT,P2,SHORT_BODY,app/web/static/article-bodies-second-batch.js，正文 710 字。 正文僅 710 字，低於基礎概念文建議長度。,
CHART-ZIWEI-02,fortune,fortune-0004,fortune-0004,命宮是什麼？它在紫微斗數裡代表什麼,app/web/static/article-registry.js,app/web/static/article-meta.js::fallback-or-inline,687,LIGHT_EDIT,P2,SHORT_BODY,app/web/static/article-meta.js::fallback-or-inline，正文 687 字。 正文僅 687 字，低於基礎概念文建議長度。,
THEME-LIFE-04,fortune,life-direction-0004,life-direction-0004,人格結果怎麼看長期選擇？理解偏好，不把選項鎖死,app/web/static/article-registry.js,app/web/static/article-expansion-50.js,1130,GEMINI_REWRITE,P0,TEMPLATE_STRUCTURE|REPEATED_BATCH_COPY,app/web/static/article-expansion-50.js，正文 1130 字。 「人格選擇偏好」正文小標高度模板化，實際小標包含「人格選擇偏好真正要整理的是什麼？」、「人格選擇偏好有哪些可觀察線索？」、「把人格選擇偏好變成下一步」、「人格選擇偏好不能代表什麼？」。 「人格選擇偏好」使用「核心不是找一句立刻生效的答案」或「公開文章能提供整理框架」這類批次完整句型。,P0-batch-01
THEME-WEALTH-04,fortune,wealth-0004,wealth-0004,命盤怎麼看資源節奏？把收入、支出與承擔分開,app/web/static/article-registry.js,app/web/static/article-expansion-50.js,1100,GEMINI_REWRITE,P0,TEMPLATE_STRUCTURE|REPEATED_BATCH_COPY,app/web/static/article-expansion-50.js，正文 1100 字。 「命盤資源節奏」正文小標高度模板化，實際小標包含「命盤資源節奏真正要整理的是什麼？」、「命盤資源節奏有哪些可觀察線索？」、「把命盤資源節奏變成下一步」、「命盤資源節奏不能代表什麼？」。 「命盤資源節奏」使用「核心不是找一句立刻生效的答案」或「公開文章能提供整理框架」這類批次完整句型。,P0-batch-01
THEME-INTERPERSONAL-04,personality,interpersonal-0004,interpersonal-0004,職場人際和私人關係怎麼劃界線？先看角色與責任,app/web/static/article-registry.js,app/web/static/article-expansion-50.js,1135,GEMINI_REWRITE,P0,TEMPLATE_STRUCTURE|REPEATED_BATCH_COPY,app/web/static/article-expansion-50.js，正文 1135 字。 「職場私人界線」正文小標高度模板化，實際小標包含「職場私人界線真正要整理的是什麼？」、「職場私人界線有哪些可觀察線索？」、「把職場私人界線變成下一步」、「職場私人界線不能代表什麼？」。 「職場私人界線」使用「核心不是找一句立刻生效的答案」或「公開文章能提供整理框架」這類批次完整句型。,P0-batch-02
MBTI-BASE-04,personality,personality-0004,personality-0004,MBTI 準嗎？準確度、限制與自我理解怎麼看,app/web/static/article-registry.js,app/web/static/article-meta.js::fallback-or-inline,778,LIGHT_EDIT,P2,SHORT_BODY|LOW_SCENARIO_DENSITY,app/web/static/article-meta.js::fallback-or-inline，正文 778 字。 正文僅 778 字，低於基礎概念文建議長度。 具體情境/可觀察動詞密度偏低，偵測到 6 個具體訊號。,
THEME-LOVE-04,tarot,love-0004,love-0004,感情不安全感從哪裡來？先分清對方和自己,app/web/static/article-registry.js,app/web/static/article-bodies-second-batch.js,739,LIGHT_EDIT,P2,SHORT_BODY,app/web/static/article-bodies-second-batch.js，正文 739 字。 正文僅 739 字，低於基礎概念文建議長度。,
TAROT-M01,tarot,tarot-0004,tarot-0004,魔術師牌意思：正位、逆位、感情與事業情境怎麼看,app/web/static/article-registry.js,app/web/static/article-card-face-50.js,1336,LIGHT_EDIT,P2,SEARCH_INTENT_LAG,app/web/static/article-card-face-50.js，正文 1336 字。 主關鍵字「魔術師牌意思」未在正文前 130 字內自然回答。,
ASTRO-VENUS-01,astro,astrology-0005,astrology-0005,金星星座是什麼？感情需求與喜歡方式怎麼看,app/web/static/article-registry.js,app/web/static/article-bodies-second-batch.js,1029,KEEP,P3,,app/web/static/article-bodies-second-batch.js，正文 1029 字。 ,
THEME-CAREER-05,fortune,career-0005,career-0005,工作卡住時，塔羅適合幫你整理什麼？,app/web/static/article-registry.js,app/web/static/article-expansion-50.js,1131,GEMINI_REWRITE,P0,TEMPLATE_STRUCTURE|REPEATED_BATCH_COPY,app/web/static/article-expansion-50.js，正文 1131 字。 「工作卡住塔羅」正文小標高度模板化，實際小標包含「工作卡住塔羅真正要整理的是什麼？」、「工作卡住塔羅有哪些可觀察線索？」、「把工作卡住塔羅變成下一步」、「工作卡住塔羅不能代表什麼？」。 「工作卡住塔羅」使用「核心不是找一句立刻生效的答案」或「公開文章能提供整理框架」這類批次完整句型。,P0-batch-02
CHART-ZIWEI-03,fortune,fortune-0005,fortune-0005,夫妻宮是什麼？感情關係可以怎麼看,app/web/static/article-registry.js,app/web/static/article-meta.js::fallback-or-inline,688,LIGHT_EDIT,P2,SHORT_BODY,app/web/static/article-meta.js::fallback-or-inline，正文 688 字。 正文僅 688 字，低於基礎概念文建議長度。,
THEME-LIFE-05,fortune,life-direction-0005,life-direction-0005,命盤怎麼看人生階段？用週期回顧，不把時間寫成事件,app/web/static/article-registry.js,app/web/static/article-expansion-50.js,1123,GEMINI_REWRITE,P0,TEMPLATE_STRUCTURE|REPEATED_BATCH_COPY,app/web/static/article-expansion-50.js，正文 1123 字。 「命盤人生階段」正文小標高度模板化，實際小標包含「命盤人生階段真正要整理的是什麼？」、「命盤人生階段有哪些可觀察線索？」、「把命盤人生階段變成下一步」、「命盤人生階段不能代表什麼？」。 「命盤人生階段」使用「核心不是找一句立刻生效的答案」或「公開文章能提供整理框架」這類批次完整句型。,P0-batch-02
THEME-WEALTH-05,fortune,wealth-0005,wealth-0005,創業談財富，不能只問會不會賺錢,app/web/static/article-registry.js,app/web/static/article-expansion-50.js,1123,GEMINI_REWRITE,P0,TEMPLATE_STRUCTURE|REPEATED_BATCH_COPY,app/web/static/article-expansion-50.js，正文 1123 字。 「創業財務問題」正文小標高度模板化，實際小標包含「創業財務問題真正要整理的是什麼？」、「創業財務問題有哪些可觀察線索？」、「把創業財務問題變成下一步」、「創業財務問題不能代表什麼？」。 「創業財務問題」使用「核心不是找一句立刻生效的答案」或「公開文章能提供整理框架」這類批次完整句型。,P0-batch-02
THEME-INTERPERSONAL-05,personality,interpersonal-0005,interpersonal-0005,渴望被看見怎麼影響人際？觀察你用什麼交換認可,app/web/static/article-registry.js,app/web/static/article-expansion-50.js,1118,GEMINI_REWRITE,P0,TEMPLATE_STRUCTURE|REPEATED_BATCH_COPY,app/web/static/article-expansion-50.js，正文 1118 字。 「渴望被看見」正文小標高度模板化，實際小標包含「渴望被看見真正要整理的是什麼？」、「渴望被看見有哪些可觀察線索？」、「把渴望被看見變成下一步」、「渴望被看見不能代表什麼？」。 「渴望被看見」使用「核心不是找一句立刻生效的答案」或「公開文章能提供整理框架」這類批次完整句型。,P0-batch-02
MBTI-TYPE-INTJ,personality,personality-0005,personality-0005,INTJ 是什麼？感情、事業、人際與長期規劃怎麼看,app/web/static/article-registry.js,app/web/static/article-meta.js::fallback-or-inline,778,LIGHT_EDIT,P2,SHORT_BODY|LOW_SCENARIO_DENSITY,app/web/static/article-meta.js::fallback-or-inline，正文 778 字。 正文僅 778 字，低於基礎概念文建議長度。 具體情境/可觀察動詞密度偏低，偵測到 5 個具體訊號。,
THEME-LOVE-05,tarot,love-0005,love-0005,一段關係卡住怎麼辦？先看互動循環，不急著猜結果,app/web/static/article-registry.js,app/web/static/article-expansion-50.js,1078,GEMINI_REWRITE,P0,TEMPLATE_STRUCTURE|REPEATED_BATCH_COPY,app/web/static/article-expansion-50.js，正文 1078 字。 「關係卡住」正文小標高度模板化，實際小標包含「關係卡住真正要整理的是什麼？」、「關係卡住有哪些可觀察線索？」、「把關係卡住變成下一步」、「關係卡住不能代表什麼？」。 「關係卡住」使用「核心不是找一句立刻生效的答案」或「公開文章能提供整理框架」這類批次完整句型。,P0-batch-03
TAROT-M06,tarot,tarot-0005,tarot-0005,戀人牌意思：正位、逆位、感情與選擇怎麼看,app/web/static/article-registry.js,app/web/static/article-card-face-50.js,1318,LIGHT_EDIT,P2,SEARCH_INTENT_LAG,app/web/static/article-card-face-50.js，正文 1318 字。 主關鍵字「戀人牌意思」未在正文前 130 字內自然回答。,
ASTRO-MERCURY-01,astro,astrology-0006,astrology-0006,水星星座是什麼？溝通、思考與學習方式怎麼看,app/web/static/article-registry.js,app/web/static/article-expansion-50.js,1068,GEMINI_REWRITE,P0,TEMPLATE_STRUCTURE|REPEATED_BATCH_COPY,app/web/static/article-expansion-50.js，正文 1068 字。 「水星星座」正文小標高度模板化，實際小標包含「水星星座真正要整理的是什麼？」、「水星星座有哪些可觀察線索？」、「把水星星座變成下一步」、「水星星座不能代表什麼？」。 「水星星座」使用「核心不是找一句立刻生效的答案」或「公開文章能提供整理框架」這類批次完整句型。,P0-batch-03
THEME-CAREER-06,fortune,career-0006,career-0006,工作要選穩定、成長還是自由？先比較你真正交換了什麼,app/web/static/article-registry.js,app/web/static/article-expansion-50.js,1187,GEMINI_REWRITE,P0,TEMPLATE_STRUCTURE|REPEATED_BATCH_COPY,app/web/static/article-expansion-50.js，正文 1187 字。 「工作穩定成長自由」正文小標高度模板化，實際小標包含「工作穩定成長自由真正要整理的是什麼？」、「工作穩定成長自由有哪些可觀察線索？」、「把工作穩定成長自由變成下一步」、「工作穩定成長自由不能代表什麼？」。 「工作穩定成長自由」使用「核心不是找一句立刻生效的答案」或「公開文章能提供整理框架」這類批次完整句型。,P0-batch-03
CHART-ZIWEI-04,fortune,fortune-0006,fortune-0006,財帛宮是什麼？財富和資源節奏可以怎麼看,app/web/static/article-registry.js,app/web/static/article-meta.js::fallback-or-inline,683,LIGHT_EDIT,P2,SHORT_BODY,app/web/static/article-meta.js::fallback-or-inline，正文 683 字。 正文僅 683 字，低於基礎概念文建議長度。,
THEME-LIFE-06,fortune,life-direction-0006,life-direction-0006,創業、轉職、搬家怎麼整理？重大變動先看可逆性,app/web/static/article-registry.js,app/web/static/article-expansion-50.js,1130,GEMINI_REWRITE,P0,TEMPLATE_STRUCTURE|REPEATED_BATCH_COPY,app/web/static/article-expansion-50.js，正文 1130 字。 「人生重大變動」正文小標高度模板化，實際小標包含「人生重大變動真正要整理的是什麼？」、「人生重大變動有哪些可觀察線索？」、「把人生重大變動變成下一步」、「人生重大變動不能代表什麼？」。 「人生重大變動」使用「核心不是找一句立刻生效的答案」或「公開文章能提供整理框架」這類批次完整句型。,P0-batch-03
THEME-WEALTH-06,fortune,wealth-0006,wealth-0006,為什麼努力工作仍沒有安全感？收入不是唯一變數,app/web/static/article-registry.js,app/web/static/article-expansion-50.js,1142,GEMINI_REWRITE,P0,TEMPLATE_STRUCTURE|REPEATED_BATCH_COPY,app/web/static/article-expansion-50.js，正文 1142 字。 「收入與安全感」正文小標高度模板化，實際小標包含「收入與安全感真正要整理的是什麼？」、「收入與安全感有哪些可觀察線索？」、「把收入與安全感變成下一步」、「收入與安全感不能代表什麼？」。 「收入與安全感」使用「核心不是找一句立刻生效的答案」或「公開文章能提供整理框架」這類批次完整句型。,P0-batch-03
THEME-INTERPERSONAL-06,personality,interpersonal-0006,interpersonal-0006,塔羅怎麼整理人際界線？把注意力放回自己的位置,app/web/static/article-registry.js,app/web/static/article-expansion-50.js,1144,GEMINI_REWRITE,P0,TEMPLATE_STRUCTURE|REPEATED_BATCH_COPY,app/web/static/article-expansion-50.js，正文 1144 字。 「人際界線塔羅」正文小標高度模板化，實際小標包含「人際界線塔羅真正要整理的是什麼？」、「人際界線塔羅有哪些可觀察線索？」、「把人際界線塔羅變成下一步」、「人際界線塔羅不能代表什麼？」。 「人際界線塔羅」使用「核心不是找一句立刻生效的答案」或「公開文章能提供整理框架」這類批次完整句型。,P0-batch-04
MBTI-TYPE-INFP,personality,personality-0006,personality-0006,INFP 是什麼？感情、事業、人際與內在價值怎麼看,app/web/static/article-registry.js,app/web/static/article-meta.js::fallback-or-inline,767,LIGHT_EDIT,P2,SHORT_BODY,app/web/static/article-meta.js::fallback-or-inline，正文 767 字。 正文僅 767 字，低於基礎概念文建議長度。,
THEME-LOVE-06,tarot,love-0006,love-0006,為什麼總遇到同一種感情模式？從選擇與界線找線索,app/web/static/article-registry.js,app/web/static/article-expansion-50.js,1137,GEMINI_REWRITE,P0,TEMPLATE_STRUCTURE|REPEATED_BATCH_COPY,app/web/static/article-expansion-50.js，正文 1137 字。 「重複感情模式」正文小標高度模板化，實際小標包含「重複感情模式真正要整理的是什麼？」、「重複感情模式有哪些可觀察線索？」、「把重複感情模式變成下一步」、「重複感情模式不能代表什麼？」。 「重複感情模式」使用「核心不是找一句立刻生效的答案」或「公開文章能提供整理框架」這類批次完整句型。,P0-batch-04
TAROT-M13,tarot,tarot-0006,tarot-0006,死神牌意思：正位、逆位、結束與轉變怎麼看,app/web/static/article-registry.js,app/web/static/article-card-face-50.js,1279,LIGHT_EDIT,P2,SEARCH_INTENT_LAG,app/web/static/article-card-face-50.js，正文 1279 字。 主關鍵字「死神牌意思」未在正文前 130 字內自然回答。,
ASTRO-MARS-01,astro,astrology-0007,astrology-0007,火星星座是什麼？行動、衝突與慾望怎麼看,app/web/static/article-registry.js,app/web/static/article-expansion-50.js,1064,GEMINI_REWRITE,P0,TEMPLATE_STRUCTURE|REPEATED_BATCH_COPY,app/web/static/article-expansion-50.js，正文 1064 字。 「火星星座」正文小標高度模板化，實際小標包含「火星星座真正要整理的是什麼？」、「火星星座有哪些可觀察線索？」、「把火星星座變成下一步」、「火星星座不能代表什麼？」。 「火星星座」使用「核心不是找一句立刻生效的答案」或「公開文章能提供整理框架」這類批次完整句型。,P0-batch-04
THEME-CAREER-07,fortune,career-0007,career-0007,人格特質怎麼影響工作方式？看偏好，不拿類型選職業,app/web/static/article-registry.js,app/web/static/article-expansion-50.js,1126,GEMINI_REWRITE,P0,TEMPLATE_STRUCTURE|REPEATED_BATCH_COPY,app/web/static/article-expansion-50.js，正文 1126 字。 「人格工作方式」正文小標高度模板化，實際小標包含「人格工作方式真正要整理的是什麼？」、「人格工作方式有哪些可觀察線索？」、「把人格工作方式變成下一步」、「人格工作方式不能代表什麼？」。 「人格工作方式」使用「核心不是找一句立刻生效的答案」或「公開文章能提供整理框架」這類批次完整句型。,P0-batch-04
CHART-ZIWEI-05,fortune,fortune-0007,fortune-0007,福德宮是什麼？情緒安全感與內在狀態怎麼看,app/web/static/article-registry.js,app/web/static/article-bodies-second-batch.js,634,LIGHT_EDIT,P2,SHORT_BODY,app/web/static/article-bodies-second-batch.js，正文 634 字。 正文僅 634 字，低於基礎概念文建議長度。,
THEME-LIFE-07,fortune,life-direction-0007,life-direction-0007,迷惘時怎麼分辨害怕和真的不適合？,app/web/static/article-registry.js,app/web/static/article-expansion-50.js,1177,GEMINI_REWRITE,P0,TEMPLATE_STRUCTURE|REPEATED_BATCH_COPY,app/web/static/article-expansion-50.js，正文 1177 字。 「害怕還是不適合」正文小標高度模板化，實際小標包含「害怕還是不適合真正要整理的是什麼？」、「害怕還是不適合有哪些可觀察線索？」、「把害怕還是不適合變成下一步」、「害怕還是不適合不能代表什麼？」。 「害怕還是不適合」使用「核心不是找一句立刻生效的答案」或「公開文章能提供整理框架」這類批次完整句型。,P0-batch-04
THEME-WEALTH-07,fortune,wealth-0007,wealth-0007,年度財富報告適合看什麼？先看資源配置，不猜明牌,app/web/static/article-registry.js,app/web/static/article-expansion-50.js,1118,GEMINI_REWRITE,P0,TEMPLATE_STRUCTURE|REPEATED_BATCH_COPY,app/web/static/article-expansion-50.js，正文 1118 字。 「年度財富報告」正文小標高度模板化，實際小標包含「年度財富報告真正要整理的是什麼？」、「年度財富報告有哪些可觀察線索？」、「把年度財富報告變成下一步」、「年度財富報告不能代表什麼？」。 「年度財富報告」使用「核心不是找一句立刻生效的答案」或「公開文章能提供整理框架」這類批次完整句型。,P0-batch-05
THEME-INTERPERSONAL-07,personality,interpersonal-0007,interpersonal-0007,人格結果怎麼看溝通習慣？從偏好找可調整的落差,app/web/static/article-registry.js,app/web/static/article-expansion-50.js,1146,GEMINI_REWRITE,P0,TEMPLATE_STRUCTURE|REPEATED_BATCH_COPY,app/web/static/article-expansion-50.js，正文 1146 字。 「人格溝通習慣」正文小標高度模板化，實際小標包含「人格溝通習慣真正要整理的是什麼？」、「人格溝通習慣有哪些可觀察線索？」、「把人格溝通習慣變成下一步」、「人格溝通習慣不能代表什麼？」。 「人格溝通習慣」使用「核心不是找一句立刻生效的答案」或「公開文章能提供整理框架」這類批次完整句型。,P0-batch-05
MBTI-TYPE-INFJ,personality,personality-0007,personality-0007,INFJ 是什麼？關係、理想、人際與人生方向怎麼看,app/web/static/article-registry.js,app/web/static/article-meta.js::fallback-or-inline,738,LIGHT_EDIT,P2,SHORT_BODY|LOW_SCENARIO_DENSITY,app/web/static/article-meta.js::fallback-or-inline，正文 738 字。 正文僅 738 字，低於基礎概念文建議長度。 具體情境/可觀察動詞密度偏低，偵測到 5 個具體訊號。,
THEME-LOVE-07,tarot,love-0007,love-0007,伴侶相處卡住時，先問哪五個問題？,app/web/static/article-registry.js,app/web/static/article-expansion-50.js,1089,GEMINI_REWRITE,P0,TEMPLATE_STRUCTURE|REPEATED_BATCH_COPY,app/web/static/article-expansion-50.js，正文 1089 字。 「伴侶衝突」正文小標高度模板化，實際小標包含「伴侶衝突真正要整理的是什麼？」、「伴侶衝突有哪些可觀察線索？」、「把伴侶衝突變成下一步」、「伴侶衝突不能代表什麼？」。 「伴侶衝突」使用「核心不是找一句立刻生效的答案」或「公開文章能提供整理框架」這類批次完整句型。,P0-batch-05
TAROT-M16,tarot,tarot-0007,tarot-0007,高塔牌意思：正位、逆位、關係與工作變動怎麼看,app/web/static/article-registry.js,app/web/static/article-card-face-50.js,1300,LIGHT_EDIT,P2,SEARCH_INTENT_LAG,app/web/static/article-card-face-50.js，正文 1300 字。 主關鍵字「高塔牌意思」未在正文前 130 字內自然回答。,
ASTRO-JUPITER-01,astro,astrology-0008,astrology-0008,木星星座是什麼？成長、信念與機會感怎麼看,app/web/static/article-registry.js,app/web/static/article-expansion-50.js,1049,GEMINI_REWRITE,P0,TEMPLATE_STRUCTURE|REPEATED_BATCH_COPY,app/web/static/article-expansion-50.js，正文 1049 字。 「木星星座」正文小標高度模板化，實際小標包含「木星星座真正要整理的是什麼？」、「木星星座有哪些可觀察線索？」、「把木星星座變成下一步」、「木星星座不能代表什麼？」。 「木星星座」使用「核心不是找一句立刻生效的答案」或「公開文章能提供整理框架」這類批次完整句型。,P0-batch-05
THEME-CAREER-08,fortune,career-0008,career-0008,命盤怎麼看事業節奏？先分清傾向、時機與決策,app/web/static/article-registry.js,app/web/static/article-expansion-50.js,1134,GEMINI_REWRITE,P0,TEMPLATE_STRUCTURE|REPEATED_BATCH_COPY,app/web/static/article-expansion-50.js，正文 1134 字。 「命盤事業節奏」正文小標高度模板化，實際小標包含「命盤事業節奏真正要整理的是什麼？」、「命盤事業節奏有哪些可觀察線索？」、「把命盤事業節奏變成下一步」、「命盤事業節奏不能代表什麼？」。 「命盤事業節奏」使用「核心不是找一句立刻生效的答案」或「公開文章能提供整理框架」這類批次完整句型。,P0-batch-05
CHART-ZIWEI-06,fortune,fortune-0008,fortune-0008,田宅宮是什麼？家庭、安全感與居住關係怎麼看,app/web/static/article-registry.js,app/web/static/article-bodies-second-batch.js,617,LIGHT_EDIT,P2,SHORT_BODY,app/web/static/article-bodies-second-batch.js，正文 617 字。 正文僅 617 字，低於基礎概念文建議長度。,
THEME-LIFE-08,fortune,life-direction-0008,life-direction-0008,人生方向不用一次選完，可以怎麼分階段整理？,app/web/static/article-registry.js,app/web/static/article-expansion-50.js,1174,GEMINI_REWRITE,P0,TEMPLATE_STRUCTURE|REPEATED_BATCH_COPY,app/web/static/article-expansion-50.js，正文 1174 字。 「人生方向分階段」正文小標高度模板化，實際小標包含「人生方向分階段真正要整理的是什麼？」、「人生方向分階段有哪些可觀察線索？」、「把人生方向分階段變成下一步」、「人生方向分階段不能代表什麼？」。 「人生方向分階段」使用「核心不是找一句立刻生效的答案」或「公開文章能提供整理框架」這類批次完整句型。,P0-batch-06
THEME-WEALTH-08,fortune,wealth-0008,wealth-0008,財富和事業差在哪？一個看資源，一個看工作位置,app/web/static/article-registry.js,app/web/static/article-expansion-50.js,1166,GEMINI_REWRITE,P0,TEMPLATE_STRUCTURE|REPEATED_BATCH_COPY,app/web/static/article-expansion-50.js，正文 1166 字。 「財富與事業差別」正文小標高度模板化，實際小標包含「財富與事業差別真正要整理的是什麼？」、「財富與事業差別有哪些可觀察線索？」、「把財富與事業差別變成下一步」、「財富與事業差別不能代表什麼？」。 「財富與事業差別」使用「核心不是找一句立刻生效的答案」或「公開文章能提供整理框架」這類批次完整句型。,P0-batch-06
THEME-INTERPERSONAL-08,personality,interpersonal-0008,interpersonal-0008,命盤怎麼看長期人際課題？把象徵轉成可核對的模式,app/web/static/article-registry.js,app/web/static/article-expansion-50.js,1146,GEMINI_REWRITE,P0,TEMPLATE_STRUCTURE|REPEATED_BATCH_COPY,app/web/static/article-expansion-50.js，正文 1146 字。 「命盤人際課題」正文小標高度模板化，實際小標包含「命盤人際課題真正要整理的是什麼？」、「命盤人際課題有哪些可觀察線索？」、「把命盤人際課題變成下一步」、「命盤人際課題不能代表什麼？」。 「命盤人際課題」使用「核心不是找一句立刻生效的答案」或「公開文章能提供整理框架」這類批次完整句型。,P0-batch-06
MBTI-TYPE-ENFP,personality,personality-0008,personality-0008,ENFP 是什麼？熱情、關係、人際與人生方向怎麼看,app/web/static/article-registry.js,app/web/static/article-meta.js::fallback-or-inline,745,LIGHT_EDIT,P2,SHORT_BODY|LOW_SCENARIO_DENSITY,app/web/static/article-meta.js::fallback-or-inline，正文 745 字。 正文僅 745 字，低於基礎概念文建議長度。 具體情境/可觀察動詞密度偏低，偵測到 6 個具體訊號。,
THEME-LOVE-08,tarot,love-0008,love-0008,命盤怎麼看感情裡的長期模式？先理解傾向與現實差別,app/web/static/article-registry.js,app/web/static/article-expansion-50.js,1140,GEMINI_REWRITE,P0,TEMPLATE_STRUCTURE|REPEATED_BATCH_COPY,app/web/static/article-expansion-50.js，正文 1140 字。 「命盤感情模式」正文小標高度模板化，實際小標包含「命盤感情模式真正要整理的是什麼？」、「命盤感情模式有哪些可觀察線索？」、「把命盤感情模式變成下一步」、「命盤感情模式不能代表什麼？」。 「命盤感情模式」使用「核心不是找一句立刻生效的答案」或「公開文章能提供整理框架」這類批次完整句型。,P0-batch-06
TAROT-M21,tarot,tarot-0008,tarot-0008,世界牌意思：正位、逆位、完成與下一階段怎麼看,app/web/static/article-registry.js,app/web/static/article-card-face-50.js,1321,LIGHT_EDIT,P2,SEARCH_INTENT_LAG,app/web/static/article-card-face-50.js，正文 1321 字。 主關鍵字「世界牌意思」未在正文前 130 字內自然回答。,
ASTRO-SATURN-01,astro,astrology-0009,astrology-0009,土星星座是什麼？責任、限制與成熟怎麼看,app/web/static/article-registry.js,app/web/static/article-expansion-50.js,1071,GEMINI_REWRITE,P0,TEMPLATE_STRUCTURE|REPEATED_BATCH_COPY,app/web/static/article-expansion-50.js，正文 1071 字。 「土星星座」正文小標高度模板化，實際小標包含「土星星座真正要整理的是什麼？」、「土星星座有哪些可觀察線索？」、「把土星星座變成下一步」、「土星星座不能代表什麼？」。 「土星星座」使用「核心不是找一句立刻生效的答案」或「公開文章能提供整理框架」這類批次完整句型。,P0-batch-06
THEME-CAREER-09,fortune,career-0009,career-0009,主管同事關係不順，先看權責、溝通還是信任？,app/web/static/article-registry.js,app/web/static/article-expansion-50.js,1143,GEMINI_REWRITE,P0,TEMPLATE_STRUCTURE|REPEATED_BATCH_COPY,app/web/static/article-expansion-50.js，正文 1143 字。 「職場人際卡住」正文小標高度模板化，實際小標包含「職場人際卡住真正要整理的是什麼？」、「職場人際卡住有哪些可觀察線索？」、「把職場人際卡住變成下一步」、「職場人際卡住不能代表什麼？」。 「職場人際卡住」使用「核心不是找一句立刻生效的答案」或「公開文章能提供整理框架」這類批次完整句型。,P0-batch-07
CHART-ZIWEI-07,fortune,fortune-0009,fortune-0009,事業宮是什麼？工作方向與被看見怎麼看,app/web/static/article-registry.js,app/web/static/article-bodies-second-batch.js,647,LIGHT_EDIT,P2,SHORT_BODY,app/web/static/article-bodies-second-batch.js，正文 647 字。 正文僅 647 字，低於基礎概念文建議長度。,
THEME-LIFE-09,fortune,life-direction-0009,life-direction-0009,感情、事業、人際、財富、方向，現在該先處理哪一個？,app/web/static/article-registry.js,app/web/static/article-expansion-50.js,1184,GEMINI_REWRITE,P0,TEMPLATE_STRUCTURE|REPEATED_BATCH_COPY,app/web/static/article-expansion-50.js，正文 1184 字。 「人生問題優先順序」正文小標高度模板化，實際小標包含「人生問題優先順序真正要整理的是什麼？」、「人生問題優先順序有哪些可觀察線索？」、「把人生問題優先順序變成下一步」、「人生問題優先順序不能代表什麼？」。 「人生問題優先順序」使用「核心不是找一句立刻生效的答案」或「公開文章能提供整理框架」這類批次完整句型。,P0-batch-07
THEME-WEALTH-09,fortune,wealth-0009,wealth-0009,人格特質怎麼影響花錢與冒險？看決策習慣，不貼標籤,app/web/static/article-registry.js,app/web/static/article-expansion-50.js,1142,GEMINI_REWRITE,P0,TEMPLATE_STRUCTURE|REPEATED_BATCH_COPY,app/web/static/article-expansion-50.js，正文 1142 字。 「人格花錢模式」正文小標高度模板化，實際小標包含「人格花錢模式真正要整理的是什麼？」、「人格花錢模式有哪些可觀察線索？」、「把人格花錢模式變成下一步」、「人格花錢模式不能代表什麼？」。 「人格花錢模式」使用「核心不是找一句立刻生效的答案」或「公開文章能提供整理框架」這類批次完整句型。,P0-batch-07
THEME-INTERPERSONAL-09,personality,interpersonal-0009,interpersonal-0009,為什麼有人陪仍覺得孤獨？看連結品質，不只看人數,app/web/static/article-registry.js,app/web/static/article-expansion-50.js,1168,GEMINI_REWRITE,P0,TEMPLATE_STRUCTURE|REPEATED_BATCH_COPY,app/web/static/article-expansion-50.js，正文 1168 字。 「人群中的孤獨感」正文小標高度模板化，實際小標包含「人群中的孤獨感真正要整理的是什麼？」、「人群中的孤獨感有哪些可觀察線索？」、「把人群中的孤獨感變成下一步」、「人群中的孤獨感不能代表什麼？」。 「人群中的孤獨感」使用「核心不是找一句立刻生效的答案」或「公開文章能提供整理框架」這類批次完整句型。,P0-batch-07
MBTI-TYPE-ENTJ,personality,personality-0009,personality-0009,ENTJ 是什麼？感情、事業與控制感怎麼看,app/web/static/article-registry.js,app/web/static/article-bodies-second-batch.js,755,LIGHT_EDIT,P2,SHORT_BODY,app/web/static/article-bodies-second-batch.js，正文 755 字。 正文僅 755 字，低於基礎概念文建議長度。,
THEME-LOVE-09,tarot,love-0009,love-0009,感情塔羅抽到逆位代表不好嗎？先看阻塞、過度與延遲,app/web/static/article-registry.js,app/web/static/article-expansion-50.js,1139,GEMINI_REWRITE,P0,TEMPLATE_STRUCTURE|REPEATED_BATCH_COPY,app/web/static/article-expansion-50.js，正文 1139 字。 「感情塔羅逆位」正文小標高度模板化，實際小標包含「感情塔羅逆位真正要整理的是什麼？」、「感情塔羅逆位有哪些可觀察線索？」、「把感情塔羅逆位變成下一步」、「感情塔羅逆位不能代表什麼？」。 「感情塔羅逆位」使用「核心不是找一句立刻生效的答案」或「公開文章能提供整理框架」這類批次完整句型。,P0-batch-07
TAROT-M02,tarot,tarot-0009,tarot-0009,女祭司牌意思：正位、逆位與感情直覺怎麼看,app/web/static/article-registry.js,app/web/static/article-bodies-second-batch.js + app/web/static/article-card-face-50.js,1306,LIGHT_EDIT,P2,SEARCH_INTENT_LAG,app/web/static/article-bodies-second-batch.js + app/web/static/article-card-face-50.js，正文 1306 字。 主關鍵字「女祭司牌意思」未在正文前 130 字內自然回答。,
ASTRO-HOUSES-01,astro,astrology-0010,astrology-0010,星盤宮位是什麼？十二宮如何對應不同生活領域,app/web/static/article-registry.js,app/web/static/article-expansion-50.js,1079,GEMINI_REWRITE,P0,TEMPLATE_STRUCTURE|REPEATED_BATCH_COPY,app/web/static/article-expansion-50.js，正文 1079 字。 「星盤宮位」正文小標高度模板化，實際小標包含「星盤宮位真正要整理的是什麼？」、「星盤宮位有哪些可觀察線索？」、「把星盤宮位變成下一步」、「星盤宮位不能代表什麼？」。 「星盤宮位」使用「核心不是找一句立刻生效的答案」或「公開文章能提供整理框架」這類批次完整句型。,P0-batch-08
THEME-CAREER-10,fortune,career-0010,career-0010,職涯迷惘時，第一步不是找天職，而是縮小問題,app/web/static/article-registry.js,app/web/static/article-expansion-50.js,1088,GEMINI_REWRITE,P0,TEMPLATE_STRUCTURE|REPEATED_BATCH_COPY,app/web/static/article-expansion-50.js，正文 1088 字。 「職涯迷惘」正文小標高度模板化，實際小標包含「職涯迷惘真正要整理的是什麼？」、「職涯迷惘有哪些可觀察線索？」、「把職涯迷惘變成下一步」、「職涯迷惘不能代表什麼？」。 「職涯迷惘」使用「核心不是找一句立刻生效的答案」或「公開文章能提供整理框架」這類批次完整句型。,P0-batch-08
CHART-ZIWEI-08,fortune,fortune-0010,fortune-0010,兄弟宮是什麼？手足互動、同輩關係與支持方式怎麼看,app/web/static/article-registry.js,app/web/static/article-expansion-50c-fortune.js,1595,KEEP,P3,,app/web/static/article-expansion-50c-fortune.js，正文 1595 字。 ,
THEME-LIFE-10,fortune,life-direction-0010,life-direction-0010,人生方向問題怎麼問，才不會太空泛？,app/web/static/article-registry.js,app/web/static/article-expansion-50.js,1121,GEMINI_REWRITE,P0,TEMPLATE_STRUCTURE|REPEATED_BATCH_COPY,app/web/static/article-expansion-50.js，正文 1121 字。 「人生方向問題」正文小標高度模板化，實際小標包含「人生方向問題真正要整理的是什麼？」、「人生方向問題有哪些可觀察線索？」、「把人生方向問題變成下一步」、「人生方向問題不能代表什麼？」。 「人生方向問題」使用「核心不是找一句立刻生效的答案」或「公開文章能提供整理框架」這類批次完整句型。,P0-batch-08
THEME-WEALTH-10,fortune,wealth-0010,wealth-0010,塔羅可以怎麼整理短期金錢提醒？,app/web/static/article-registry.js,app/web/static/article-expansion-50.js,1070,GEMINI_REWRITE,P0,TEMPLATE_STRUCTURE|REPEATED_BATCH_COPY,app/web/static/article-expansion-50.js，正文 1070 字。 「金錢塔羅」正文小標高度模板化，實際小標包含「金錢塔羅真正要整理的是什麼？」、「金錢塔羅有哪些可觀察線索？」、「把金錢塔羅變成下一步」、「金錢塔羅不能代表什麼？」。 「金錢塔羅」使用「核心不是找一句立刻生效的答案」或「公開文章能提供整理框架」這類批次完整句型。,P0-batch-08
THEME-INTERPERSONAL-10,personality,interpersonal-0010,interpersonal-0010,人際問題怎麼問塔羅，才不會變成控制別人？,app/web/static/article-registry.js,app/web/static/article-expansion-50.js,1126,GEMINI_REWRITE,P0,TEMPLATE_STRUCTURE|REPEATED_BATCH_COPY,app/web/static/article-expansion-50.js，正文 1126 字。 「人際塔羅問題」正文小標高度模板化，實際小標包含「人際塔羅問題真正要整理的是什麼？」、「人際塔羅問題有哪些可觀察線索？」、「把人際塔羅問題變成下一步」、「人際塔羅問題不能代表什麼？」。 「人際塔羅問題」使用「核心不是找一句立刻生效的答案」或「公開文章能提供整理框架」這類批次完整句型。,P0-batch-08
MBTI-TYPE-ENTP,personality,personality-0010,personality-0010,ENTP 是什麼？感情、工作與三分鐘熱度怎麼看,app/web/static/article-registry.js,app/web/static/article-bodies-second-batch.js,700,LIGHT_EDIT,P2,SHORT_BODY|LOW_SCENARIO_DENSITY,app/web/static/article-bodies-second-batch.js，正文 700 字。 正文僅 700 字，低於基礎概念文建議長度。 具體情境/可觀察動詞密度偏低，偵測到 5 個具體訊號。,
THEME-LOVE-10,tarot,love-0010,love-0010,感情裡該主動、等待還是放下？用三種成本做選擇,app/web/static/article-registry.js,app/web/static/article-expansion-50.js,1129,GEMINI_REWRITE,P0,TEMPLATE_STRUCTURE|REPEATED_BATCH_COPY,app/web/static/article-expansion-50.js，正文 1129 字。 「主動等待放下」正文小標高度模板化，實際小標包含「主動等待放下真正要整理的是什麼？」、「主動等待放下有哪些可觀察線索？」、「把主動等待放下變成下一步」、「主動等待放下不能代表什麼？」。 「主動等待放下」使用「核心不是找一句立刻生效的答案」或「公開文章能提供整理框架」這類批次完整句型。,P0-batch-09
TAROT-M18,tarot,tarot-0010,tarot-0010,月亮牌意思：正位、逆位與感情焦慮怎麼看,app/web/static/article-registry.js,app/web/static/article-bodies-second-batch.js + app/web/static/article-card-face-50.js,1250,LIGHT_EDIT,P2,SEARCH_INTENT_LAG,app/web/static/article-bodies-second-batch.js + app/web/static/article-card-face-50.js，正文 1250 字。 主關鍵字「月亮牌意思」未在正文前 130 字內自然回答。,
ASTRO-SUN-ARIES-01,astro,astrology-0011,astrology-0011,牡羊座是什麼？從主動性、競爭感與行動節奏理解太陽星座,app/web/static/article-registry.js,app/web/static/article-expansion-50c-astro.js,1772,KEEP,P3,,app/web/static/article-expansion-50c-astro.js，正文 1772 字。 ,
THEME-CAREER-11,fortune,career-0011,career-0011,工作問題怎麼問塔羅？把預測題改成可行動的問題,app/web/static/article-registry.js,app/web/static/article-expansion-50.js,1131,GEMINI_REWRITE,P0,TEMPLATE_STRUCTURE|REPEATED_BATCH_COPY,app/web/static/article-expansion-50.js，正文 1131 字。 「工作塔羅問題」正文小標高度模板化，實際小標包含「工作塔羅問題真正要整理的是什麼？」、「工作塔羅問題有哪些可觀察線索？」、「把工作塔羅問題變成下一步」、「工作塔羅問題不能代表什麼？」。 「工作塔羅問題」使用「核心不是找一句立刻生效的答案」或「公開文章能提供整理框架」這類批次完整句型。,P0-batch-09
CHART-ZIWEI-09,fortune,fortune-0011,fortune-0011,子女宮是什麼？親子互動、照顧方式與創造成果怎麼看,app/web/static/article-registry.js,app/web/static/article-expansion-50c-fortune.js,1627,KEEP,P3,,app/web/static/article-expansion-50c-fortune.js，正文 1627 字。 ,
THEME-LIFE-11,fortune,life-direction-0011,life-direction-0011,年度人生方向報告適合看什麼？用主題追蹤變化,app/web/static/article-registry.js,app/web/static/article-expansion-50.js,1191,GEMINI_REWRITE,P0,TEMPLATE_STRUCTURE|REPEATED_BATCH_COPY,app/web/static/article-expansion-50.js，正文 1191 字。 「年度人生方向報告」正文小標高度模板化，實際小標包含「年度人生方向報告真正要整理的是什麼？」、「年度人生方向報告有哪些可觀察線索？」、「把年度人生方向報告變成下一步」、「年度人生方向報告不能代表什麼？」。 「年度人生方向報告」使用「核心不是找一句立刻生效的答案」或「公開文章能提供整理框架」這類批次完整句型。,P0-batch-09
THEME-WEALTH-11,fortune,wealth-0011,wealth-0011,財富問題最不該怎麼問？避開必中、翻倍與讀心,app/web/static/article-registry.js,app/web/static/article-expansion-50.js,1117,GEMINI_REWRITE,P0,TEMPLATE_STRUCTURE|REPEATED_BATCH_COPY,app/web/static/article-expansion-50.js，正文 1117 字。 「金錢命理問法」正文小標高度模板化，實際小標包含「金錢命理問法真正要整理的是什麼？」、「金錢命理問法有哪些可觀察線索？」、「把金錢命理問法變成下一步」、「金錢命理問法不能代表什麼？」。 「金錢命理問法」使用「核心不是找一句立刻生效的答案」或「公開文章能提供整理框架」這類批次完整句型。,P0-batch-09
THEME-INTERPERSONAL-11,personality,interpersonal-0011,interpersonal-0011,社群裡總扮演同一個角色？用人格偏好看分工與壓力,app/web/static/article-registry.js,app/web/static/article-expansion-50.js,1175,GEMINI_REWRITE,P0,TEMPLATE_STRUCTURE|REPEATED_BATCH_COPY,app/web/static/article-expansion-50.js，正文 1175 字。 「社群角色與人格」正文小標高度模板化，實際小標包含「社群角色與人格真正要整理的是什麼？」、「社群角色與人格有哪些可觀察線索？」、「把社群角色與人格變成下一步」、「社群角色與人格不能代表什麼？」。 「社群角色與人格」使用「核心不是找一句立刻生效的答案」或「公開文章能提供整理框架」這類批次完整句型。,P0-batch-09
MBTI-TYPE-ISFJ,personality,personality-0011,personality-0011,ISFJ 是什麼？感情、工作與責任感怎麼看,app/web/static/article-registry.js,app/web/static/article-bodies-second-batch.js,648,LIGHT_EDIT,P2,SHORT_BODY,app/web/static/article-bodies-second-batch.js，正文 648 字。 正文僅 648 字，低於基礎概念文建議長度。,
THEME-LOVE-11,tarot,love-0011,love-0011,如何分辨感情直覺和焦慮？看訊息來源與身體反應,app/web/static/article-registry.js,app/web/static/article-expansion-50.js,1166,GEMINI_REWRITE,P0,TEMPLATE_STRUCTURE|REPEATED_BATCH_COPY,app/web/static/article-expansion-50.js，正文 1166 字。 「感情直覺與焦慮」正文小標高度模板化，實際小標包含「感情直覺與焦慮真正要整理的是什麼？」、「感情直覺與焦慮有哪些可觀察線索？」、「把感情直覺與焦慮變成下一步」、「感情直覺與焦慮不能代表什麼？」。 「感情直覺與焦慮」使用「核心不是找一句立刻生效的答案」或「公開文章能提供整理框架」這類批次完整句型。,P0-batch-10
TAROT-M14,tarot,tarot-0011,tarot-0011,節制牌意思：正位、逆位與關係修復怎麼看,app/web/static/article-registry.js,app/web/static/article-bodies-second-batch.js + app/web/static/article-card-face-50.js,1222,LIGHT_EDIT,P2,SEARCH_INTENT_LAG,app/web/static/article-bodies-second-batch.js + app/web/static/article-card-face-50.js，正文 1222 字。 主關鍵字「節制牌意思」未在正文前 130 字內自然回答。,
ASTRO-SUN-TAURUS-01,astro,astrology-0012,astrology-0012,金牛座是什麼？從穩定感、感官需求與累積方式理解太陽星座,app/web/static/article-registry.js,app/web/static/article-expansion-50c-astro.js,1813,KEEP,P3,,app/web/static/article-expansion-50c-astro.js，正文 1813 字。 ,
THEME-CAREER-12,fortune,career-0012,career-0012,年度事業報告該看什麼？用季度節點整理工作計畫,app/web/static/article-registry.js,app/web/static/article-expansion-50.js,1144,GEMINI_REWRITE,P0,TEMPLATE_STRUCTURE|REPEATED_BATCH_COPY,app/web/static/article-expansion-50.js，正文 1144 字。 「年度事業報告」正文小標高度模板化，實際小標包含「年度事業報告真正要整理的是什麼？」、「年度事業報告有哪些可觀察線索？」、「把年度事業報告變成下一步」、「年度事業報告不能代表什麼？」。 「年度事業報告」使用「核心不是找一句立刻生效的答案」或「公開文章能提供整理框架」這類批次完整句型。,P0-batch-10
CHART-ZIWEI-10,fortune,fortune-0012,fortune-0012,遷移宮是什麼？外出環境、移動適應與他人眼中的你怎麼看,app/web/static/article-registry.js,app/web/static/article-expansion-50c-fortune.js,1604,KEEP,P3,,app/web/static/article-expansion-50c-fortune.js，正文 1604 字。 ,
THEME-LIFE-12,fortune,life-direction-0012,life-direction-0012,完整命書和主題小報告差在哪？先看問題範圍,app/web/static/article-registry.js,app/web/static/article-expansion-50.js,1187,GEMINI_REWRITE,P0,TEMPLATE_STRUCTURE|REPEATED_BATCH_COPY,app/web/static/article-expansion-50.js，正文 1187 字。 「完整命書與小報告」正文小標高度模板化，實際小標包含「完整命書與小報告真正要整理的是什麼？」、「完整命書與小報告有哪些可觀察線索？」、「把完整命書與小報告變成下一步」、「完整命書與小報告不能代表什麼？」。 「完整命書與小報告」使用「核心不是找一句立刻生效的答案」或「公開文章能提供整理框架」這類批次完整句型。,P0-batch-10
THEME-WEALTH-12,fortune,wealth-0012,wealth-0012,財富小報告怎麼設計才有用？聚焦一個決策週期,app/web/static/article-registry.js,app/web/static/article-expansion-50.js,1086,GEMINI_REWRITE,P0,TEMPLATE_STRUCTURE|REPEATED_BATCH_COPY,app/web/static/article-expansion-50.js，正文 1086 字。 「財富小報告」正文小標高度模板化，實際小標包含「財富小報告真正要整理的是什麼？」、「財富小報告有哪些可觀察線索？」、「把財富小報告變成下一步」、「財富小報告不能代表什麼？」。 「財富小報告」使用「核心不是找一句立刻生效的答案」或「公開文章能提供整理框架」這類批次完整句型。,P0-batch-10
THEME-INTERPERSONAL-12,personality,interpersonal-0012,interpersonal-0012,人際主題報告適合看什麼？從互動模式到界線練習,app/web/static/article-registry.js,app/web/static/article-expansion-50.js,1126,GEMINI_REWRITE,P0,TEMPLATE_STRUCTURE|REPEATED_BATCH_COPY,app/web/static/article-expansion-50.js，正文 1126 字。 「人際主題報告」正文小標高度模板化，實際小標包含「人際主題報告真正要整理的是什麼？」、「人際主題報告有哪些可觀察線索？」、「把人際主題報告變成下一步」、「人際主題報告不能代表什麼？」。 「人際主題報告」使用「核心不是找一句立刻生效的答案」或「公開文章能提供整理框架」這類批次完整句型。,P0-batch-10
MBTI-TYPE-INTP,personality,personality-0012,personality-0012,INTP 是什麼？感情、工作與想太多怎麼看,app/web/static/article-registry.js,app/web/static/article-bodies-next-30.js,846,LIGHT_EDIT,P2,SHORT_BODY,app/web/static/article-bodies-next-30.js，正文 846 字。 正文僅 846 字，低於基礎概念文建議長度。,
THEME-LOVE-12,tarot,love-0012,love-0012,感情主題報告適合看什麼？先確認資料、問題與邊界,app/web/static/article-registry.js,app/web/static/article-expansion-50.js,1147,GEMINI_REWRITE,P0,TEMPLATE_STRUCTURE|REPEATED_BATCH_COPY,app/web/static/article-expansion-50.js，正文 1147 字。 「感情主題報告」正文小標高度模板化，實際小標包含「感情主題報告真正要整理的是什麼？」、「感情主題報告有哪些可觀察線索？」、「把感情主題報告變成下一步」、「感情主題報告不能代表什麼？」。 「感情主題報告」使用「核心不是找一句立刻生效的答案」或「公開文章能提供整理框架」這類批次完整句型。,P0-batch-11
TAROT-M03,tarot,tarot-0012,tarot-0012,皇后牌意思：正位、逆位與感情安全感怎麼看,app/web/static/article-registry.js,app/web/static/article-bodies-next-30.js + app/web/static/article-card-face-50.js,1525,LIGHT_EDIT,P2,SEARCH_INTENT_LAG,app/web/static/article-bodies-next-30.js + app/web/static/article-card-face-50.js，正文 1525 字。 主關鍵字「皇后牌意思」未在正文前 130 字內自然回答。,
ASTRO-SUN-GEMINI-01,astro,astrology-0013,astrology-0013,雙子座是什麼？從資訊交換、好奇心與角色切換理解太陽星座,app/web/static/article-registry.js,app/web/static/article-expansion-50c-astro.js,1807,KEEP,P3,,app/web/static/article-expansion-50c-astro.js，正文 1807 字。 ,
CHART-ZIWEI-11,fortune,fortune-0013,fortune-0013,疾厄宮是什麼？壓力反應、身體照顧與恢復習慣怎麼看,app/web/static/article-registry.js,app/web/static/article-expansion-50c-fortune.js,1609,KEEP,P3,,app/web/static/article-expansion-50c-fortune.js，正文 1609 字。 ,
MBTI-TYPE-ISTJ,personality,personality-0013,personality-0013,ISTJ 是什麼？感情、工作與責任壓力怎麼看,app/web/static/article-registry.js,app/web/static/article-bodies-next-30.js,824,LIGHT_EDIT,P2,SHORT_BODY,app/web/static/article-bodies-next-30.js，正文 824 字。 正文僅 824 字，低於基礎概念文建議長度。,
TAROT-M04,tarot,tarot-0013,tarot-0013,皇帝牌意思：正位、逆位與關係控制感怎麼看,app/web/static/article-registry.js,app/web/static/article-bodies-next-30.js + app/web/static/article-card-face-50.js,1423,LIGHT_EDIT,P2,SEARCH_INTENT_LAG,app/web/static/article-bodies-next-30.js + app/web/static/article-card-face-50.js，正文 1423 字。 主關鍵字「皇帝牌意思」未在正文前 130 字內自然回答。,
ASTRO-SUN-CANCER-01,astro,astrology-0014,astrology-0014,巨蟹座是什麼？從情緒記憶、照顧方式與歸屬感理解太陽星座,app/web/static/article-registry.js,app/web/static/article-expansion-50c-astro.js,1798,KEEP,P3,,app/web/static/article-expansion-50c-astro.js，正文 1798 字。 ,
CHART-ZIWEI-12,fortune,fortune-0014,fortune-0014,交友宮是什麼？朋友、合作對象與社群位置怎麼看,app/web/static/article-registry.js,app/web/static/article-expansion-50c-fortune.js,1596,KEEP,P3,,app/web/static/article-expansion-50c-fortune.js，正文 1596 字。 ,
MBTI-TYPE-ISTP,personality,personality-0014,personality-0014,ISTP 是什麼？感情、工作與保持距離怎麼看,app/web/static/article-registry.js,app/web/static/article-bodies-next-30.js,830,LIGHT_EDIT,P2,SHORT_BODY,app/web/static/article-bodies-next-30.js，正文 830 字。 正文僅 830 字，低於基礎概念文建議長度。,
TAROT-M05,tarot,tarot-0014,tarot-0014,教皇牌意思：正位、逆位與承諾壓力怎麼看,app/web/static/article-registry.js,app/web/static/article-bodies-next-30.js + app/web/static/article-card-face-50.js,1416,LIGHT_EDIT,P2,SEARCH_INTENT_LAG,app/web/static/article-bodies-next-30.js + app/web/static/article-card-face-50.js，正文 1416 字。 主關鍵字「教皇牌意思」未在正文前 130 字內自然回答。,
ASTRO-SUN-LEO-01,astro,astrology-0015,astrology-0015,獅子座是什麼？從創造力、被看見與自我表達理解太陽星座,app/web/static/article-registry.js,app/web/static/article-expansion-50c-astro.js,1820,KEEP,P3,,app/web/static/article-expansion-50c-astro.js，正文 1820 字。 ,
CHART-ZIWEI-STAR-01,fortune,fortune-0015,fortune-0015,紫微星代表什麼？統整、承擔與位置感怎麼理解,app/web/static/article-registry.js,app/web/static/article-expansion-50c-fortune.js,1635,KEEP,P3,,app/web/static/article-expansion-50c-fortune.js，正文 1635 字。 ,
MBTI-TYPE-ISFP,personality,personality-0015,personality-0015,ISFP 是什麼？感情、工作與情緒界線怎麼看,app/web/static/article-registry.js,app/web/static/article-bodies-next-30.js,831,LIGHT_EDIT,P2,SHORT_BODY,app/web/static/article-bodies-next-30.js，正文 831 字。 正文僅 831 字，低於基礎概念文建議長度。,
TAROT-M07,tarot,tarot-0015,tarot-0015,戰車牌意思：正位、逆位與行動卡住怎麼看,app/web/static/article-registry.js,app/web/static/article-bodies-next-30.js + app/web/static/article-card-face-50.js,1412,LIGHT_EDIT,P2,SEARCH_INTENT_LAG,app/web/static/article-bodies-next-30.js + app/web/static/article-card-face-50.js，正文 1412 字。 主關鍵字「戰車牌意思」未在正文前 130 字內自然回答。,
ASTRO-SUN-VIRGO-01,astro,astrology-0016,astrology-0016,處女座是什麼？從辨識細節、改善流程與服務感理解太陽星座,app/web/static/article-registry.js,app/web/static/article-expansion-50c-astro.js,1795,KEEP,P3,,app/web/static/article-expansion-50c-astro.js，正文 1795 字。 ,
CHART-ZIWEI-STAR-02,fortune,fortune-0016,fortune-0016,天機星代表什麼？思考、調整與變動節奏怎麼理解,app/web/static/article-registry.js,app/web/static/article-expansion-50c-fortune.js,1661,KEEP,P3,,app/web/static/article-expansion-50c-fortune.js，正文 1661 字。 ,
MBTI-TYPE-ENFJ,personality,personality-0016,personality-0016,ENFJ 是什麼？感情、工作與照顧別人怎麼看,app/web/static/article-registry.js,app/web/static/article-bodies-next-30.js,818,LIGHT_EDIT,P2,SHORT_BODY,app/web/static/article-bodies-next-30.js，正文 818 字。 正文僅 818 字，低於基礎概念文建議長度。,
TAROT-M08,tarot,tarot-0016,tarot-0016,力量牌意思：正位、逆位與壓力自控怎麼看,app/web/static/article-registry.js,app/web/static/article-bodies-next-30.js + app/web/static/article-card-face-50.js,1367,LIGHT_EDIT,P2,SEARCH_INTENT_LAG,app/web/static/article-bodies-next-30.js + app/web/static/article-card-face-50.js，正文 1367 字。 主關鍵字「力量牌意思」未在正文前 130 字內自然回答。,
ASTRO-SUN-LIBRA-01,astro,astrology-0017,astrology-0017,天秤座是什麼？從關係協商、公平感與選擇方式理解太陽星座,app/web/static/article-registry.js,app/web/static/article-expansion-50c-astro.js,1809,KEEP,P3,,app/web/static/article-expansion-50c-astro.js，正文 1809 字。 ,
CHART-ZIWEI-STAR-03,fortune,fortune-0017,fortune-0017,太陽星代表什麼？表達、投入與公共角色怎麼理解,app/web/static/article-registry.js,app/web/static/article-expansion-50c-fortune.js,1633,KEEP,P3,,app/web/static/article-expansion-50c-fortune.js，正文 1633 字。 ,
MBTI-TYPE-ESTJ,personality,personality-0017,personality-0017,ESTJ 是什麼？感情、工作與控制節奏怎麼看,app/web/static/article-registry.js,app/web/static/article-bodies-next-30.js,815,LIGHT_EDIT,P2,SHORT_BODY,app/web/static/article-bodies-next-30.js，正文 815 字。 正文僅 815 字，低於基礎概念文建議長度。,
TAROT-M09,tarot,tarot-0017,tarot-0017,隱者牌意思：正位、逆位與需要冷靜怎麼看,app/web/static/article-registry.js,app/web/static/article-bodies-next-30.js + app/web/static/article-card-face-50.js,1365,LIGHT_EDIT,P2,SEARCH_INTENT_LAG,app/web/static/article-bodies-next-30.js + app/web/static/article-card-face-50.js，正文 1365 字。 主關鍵字「隱者牌意思」未在正文前 130 字內自然回答。,
ASTRO-SUN-SCORPIO-01,astro,astrology-0018,astrology-0018,天蠍座是什麼？從深度投入、信任測試與轉化能力理解太陽星座,app/web/static/article-registry.js,app/web/static/article-expansion-50c-astro.js,1831,KEEP,P3,,app/web/static/article-expansion-50c-astro.js，正文 1831 字。 ,
CHART-ZIWEI-STAR-04,fortune,fortune-0018,fortune-0018,武曲星代表什麼？執行、資源管理與成果感怎麼理解,app/web/static/article-registry.js,app/web/static/article-expansion-50c-fortune.js,1649,KEEP,P3,,app/web/static/article-expansion-50c-fortune.js，正文 1649 字。 ,
MBTI-TYPE-ESFJ,personality,personality-0018,personality-0018,ESFJ 是什麼？感情、工作與被需要感怎麼看,app/web/static/article-registry.js,app/web/static/article-bodies-next-30.js,801,LIGHT_EDIT,P2,SHORT_BODY,app/web/static/article-bodies-next-30.js，正文 801 字。 正文僅 801 字，低於基礎概念文建議長度。,
TAROT-M10,tarot,tarot-0018,tarot-0018,命運之輪牌意思：正位、逆位與時機變動怎麼看,app/web/static/article-registry.js,app/web/static/article-bodies-next-30.js + app/web/static/article-card-face-50.js,1395,LIGHT_EDIT,P2,SEARCH_INTENT_LAG,app/web/static/article-bodies-next-30.js + app/web/static/article-card-face-50.js，正文 1395 字。 主關鍵字「命運之輪牌意思」未在正文前 130 字內自然回答。,
ASTRO-SUN-SAGITTARIUS-01,astro,astrology-0019,astrology-0019,射手座是什麼？從探索欲、信念與擴張視野理解太陽星座,app/web/static/article-registry.js,app/web/static/article-expansion-50c-astro.js,1826,KEEP,P3,,app/web/static/article-expansion-50c-astro.js，正文 1826 字。 ,
CHART-ZIWEI-STAR-05,fortune,fortune-0019,fortune-0019,天同星代表什麼？舒適、感受與協調需求怎麼理解,app/web/static/article-registry.js,app/web/static/article-expansion-50c-fortune.js,1637,KEEP,P3,,app/web/static/article-expansion-50c-fortune.js，正文 1637 字。 ,
MBTI-TYPE-ESTP,personality,personality-0019,personality-0019,ESTP 是什麼？感情、工作與衝動決定怎麼看,app/web/static/article-registry.js,app/web/static/article-bodies-next-30.js,806,LIGHT_EDIT,P2,SHORT_BODY,app/web/static/article-bodies-next-30.js，正文 806 字。 正文僅 806 字，低於基礎概念文建議長度。,
TAROT-M11,tarot,tarot-0019,tarot-0019,正義牌意思：正位、逆位與關係公平怎麼看,app/web/static/article-registry.js,app/web/static/article-bodies-next-30.js + app/web/static/article-card-face-50.js,1384,LIGHT_EDIT,P2,SEARCH_INTENT_LAG,app/web/static/article-bodies-next-30.js + app/web/static/article-card-face-50.js，正文 1384 字。 主關鍵字「正義牌意思」未在正文前 130 字內自然回答。,
ASTRO-SUN-CAPRICORN-01,astro,astrology-0020,astrology-0020,摩羯座是什麼？從責任感、長期建構與成果標準理解太陽星座,app/web/static/article-registry.js,app/web/static/article-expansion-50c-astro.js,1836,KEEP,P3,,app/web/static/article-expansion-50c-astro.js，正文 1836 字。 ,
CHART-ZIWEI-STAR-06,fortune,fortune-0020,fortune-0020,廉貞星代表什麼？界線、選擇與關係張力怎麼理解,app/web/static/article-registry.js,app/web/static/article-expansion-50c-fortune.js,1639,KEEP,P3,,app/web/static/article-expansion-50c-fortune.js，正文 1639 字。 ,
MBTI-TYPE-ESFP,personality,personality-0020,personality-0020,ESFP 是什麼？感情、工作與當下感受怎麼看,app/web/static/article-registry.js,app/web/static/article-bodies-next-30.js,834,LIGHT_EDIT,P2,SHORT_BODY|LOW_SCENARIO_DENSITY,app/web/static/article-bodies-next-30.js，正文 834 字。 正文僅 834 字，低於基礎概念文建議長度。 具體情境/可觀察動詞密度偏低，偵測到 6 個具體訊號。,
TAROT-M12,tarot,tarot-0020,tarot-0020,吊人牌意思：正位、逆位與暫停等待怎麼看,app/web/static/article-registry.js,app/web/static/article-bodies-next-30.js + app/web/static/article-card-face-50.js,1354,LIGHT_EDIT,P2,SEARCH_INTENT_LAG,app/web/static/article-bodies-next-30.js + app/web/static/article-card-face-50.js，正文 1354 字。 主關鍵字「吊人牌意思」未在正文前 130 字內自然回答。,
ASTRO-SUN-AQUARIUS-01,astro,astrology-0021,astrology-0021,水瓶座是什麼？從獨立觀點、群體參與與制度思考理解太陽星座,app/web/static/article-registry.js,app/web/static/article-expansion-50c-astro.js,1851,KEEP,P3,,app/web/static/article-expansion-50c-astro.js，正文 1851 字。 ,
CHART-ZIWEI-STAR-07,fortune,fortune-0021,fortune-0021,天府星代表什麼？承接、保存與穩定資源怎麼理解,app/web/static/article-registry.js,app/web/static/article-expansion-50c-fortune.js,1653,KEEP,P3,,app/web/static/article-expansion-50c-fortune.js，正文 1653 字。 ,
MBTI-BRANCH-INTJ-AH,fortune,personality-0021,personality-0021,INTJ-AH 是什麼？在長線策略裡保留協調空間,app/web/static/article-registry.js,app/web/static/article-expansion-50c-mbti.js,1596,KEEP,P3,,app/web/static/article-expansion-50c-mbti.js，正文 1596 字。 ,
TAROT-M15,tarot,tarot-0021,tarot-0021,惡魔牌意思：正位、逆位與執著依賴怎麼看,app/web/static/article-registry.js,app/web/static/article-bodies-next-30.js + app/web/static/article-card-face-50.js,1395,LIGHT_EDIT,P2,SEARCH_INTENT_LAG,app/web/static/article-bodies-next-30.js + app/web/static/article-card-face-50.js，正文 1395 字。 主關鍵字「惡魔牌意思」未在正文前 130 字內自然回答。,
ASTRO-SUN-PISCES-01,astro,astrology-0022,astrology-0022,雙魚座是什麼？從感受力、想像空間與界線流動理解太陽星座,app/web/static/article-registry.js,app/web/static/article-expansion-50c-astro.js,1843,KEEP,P3,,app/web/static/article-expansion-50c-astro.js，正文 1843 字。 ,
CHART-BAZI-01,fortune,fortune-0022,fortune-0022,八字日主是什麼？日干、自我位置與解讀起點怎麼看,app/web/static/article-registry.js,app/web/static/article-expansion-50c-fortune.js,1641,KEEP,P3,,app/web/static/article-expansion-50c-fortune.js，正文 1641 字。 ,
MBTI-BRANCH-INTJ-AC,fortune,personality-0022,personality-0022,INTJ-AC 是什麼？獨立判斷與冷靜定錨的工作方式,app/web/static/article-registry.js,app/web/static/article-expansion-50c-mbti.js,1620,KEEP,P3,,app/web/static/article-expansion-50c-mbti.js，正文 1620 字。 ,
TAROT-M17,tarot,tarot-0022,tarot-0022,星星牌意思：正位、逆位與重新有希望怎麼看,app/web/static/article-registry.js,app/web/static/article-bodies-next-30.js + app/web/static/article-card-face-50.js,1402,LIGHT_EDIT,P2,SEARCH_INTENT_LAG,app/web/static/article-bodies-next-30.js + app/web/static/article-card-face-50.js，正文 1402 字。 主關鍵字「星星牌意思」未在正文前 130 字內自然回答。,
ASTRO-ASPECTS-BASE-01,astro,astrology-0023,astrology-0023,星盤相位是什麼？從行星角度理解內在協作與拉扯,app/web/static/article-registry.js,app/web/static/article-expansion-50c-astro.js,1803,KEEP,P3,,app/web/static/article-expansion-50c-astro.js，正文 1803 字。 ,
CHART-BAZI-02,fortune,fortune-0023,fortune-0023,八字五行怎麼看？木火土金水的關係不是缺什麼補什麼,app/web/static/article-registry.js,app/web/static/article-expansion-50c-fortune.js,1660,KEEP,P3,,app/web/static/article-expansion-50c-fortune.js，正文 1660 字。 ,
MBTI-BRANCH-INTJ-OH,fortune,personality-0023,personality-0023,INTJ-OH 是什麼？敏銳策略感如何兼顧團隊氣氛,app/web/static/article-registry.js,app/web/static/article-expansion-50c-mbti.js,1624,KEEP,P3,,app/web/static/article-expansion-50c-mbti.js，正文 1624 字。 ,
TAROT-M19,tarot,tarot-0023,tarot-0023,太陽牌意思：正位、逆位與關係變明朗怎麼看,app/web/static/article-registry.js,app/web/static/article-bodies-next-30.js + app/web/static/article-card-face-50.js,1374,LIGHT_EDIT,P2,SEARCH_INTENT_LAG,app/web/static/article-bodies-next-30.js + app/web/static/article-card-face-50.js，正文 1374 字。 主關鍵字「太陽牌意思」未在正文前 130 字內自然回答。,
ASTRO-ASPECT-CONJUNCTION-01,astro,astrology-0024,astrology-0024,合相是什麼？理解兩顆行星功能集中在同一位置的方式,app/web/static/article-registry.js,app/web/static/article-expansion-50c-astro.js,1746,KEEP,P3,,app/web/static/article-expansion-50c-astro.js，正文 1746 字。 ,
CHART-BAZI-03,fortune,fortune-0024,fortune-0024,八字十神是什麼？比劫、食傷、財官印如何描述關係,app/web/static/article-registry.js,app/web/static/article-expansion-50c-fortune.js,1638,KEEP,P3,,app/web/static/article-expansion-50c-fortune.js，正文 1638 字。 ,
MBTI-BRANCH-INTJ-OC,fortune,personality-0024,personality-0024,INTJ-OC 是什麼？高敏銳分析與冷靜回應的拉扯,app/web/static/article-registry.js,app/web/static/article-expansion-50c-mbti.js,1622,KEEP,P3,,app/web/static/article-expansion-50c-mbti.js，正文 1622 字。 ,
TAROT-M20,tarot,tarot-0024,tarot-0024,審判牌意思：正位、逆位與是否重新開始怎麼看,app/web/static/article-registry.js,app/web/static/article-bodies-next-30.js + app/web/static/article-card-face-50.js,1362,LIGHT_EDIT,P2,SEARCH_INTENT_LAG,app/web/static/article-bodies-next-30.js + app/web/static/article-card-face-50.js，正文 1362 字。 主關鍵字「審判牌意思」未在正文前 130 字內自然回答。,
ASTRO-ASPECT-OPPOSITION-01,astro,astrology-0025,astrology-0025,對分相是什麼？理解兩端需求如何在關係與選擇中拉扯,app/web/static/article-registry.js,app/web/static/article-expansion-50c-astro.js,1782,KEEP,P3,,app/web/static/article-expansion-50c-astro.js，正文 1782 字。 ,
CHART-BAZI-04,fortune,fortune-0025,fortune-0025,八字大運是什麼？十年運程如何當作回顧區間,app/web/static/article-registry.js,app/web/static/article-expansion-50c-fortune.js,1666,KEEP,P3,,app/web/static/article-expansion-50c-fortune.js，正文 1666 字。 ,
MBTI-BRANCH-INFP-AH,fortune,personality-0025,personality-0025,INFP-AH 是什麼？穩定理想感如何照顧人與界線,app/web/static/article-registry.js,app/web/static/article-expansion-50c-mbti.js,1617,KEEP,P3,,app/web/static/article-expansion-50c-mbti.js，正文 1617 字。 ,
TAROT-PENTACLES-KING,tarot,tarot-0025,tarot-0025,錢幣國王意思：正位、逆位、感情與工作怎麼看,app/web/static/article-registry.js,app/web/static/article-bodies-next-30.js,810,LIGHT_EDIT,P2,SHORT_BODY,app/web/static/article-bodies-next-30.js，正文 810 字。 正文僅 810 字，低於基礎概念文建議長度。,
ASTRO-ASPECT-TRINE-01,astro,astrology-0026,astrology-0026,三分相是什麼？理解行星功能自然流動與容易忽略的資源,app/web/static/article-registry.js,app/web/static/article-expansion-50c-astro.js,1798,KEEP,P3,,app/web/static/article-expansion-50c-astro.js，正文 1798 字。 ,
CHART-BAZI-05,fortune,fortune-0026,fortune-0026,八字流年是什麼？年度干支、事件回顧與決策邊界怎麼看,app/web/static/article-registry.js,app/web/static/article-expansion-50c-fortune.js,1688,KEEP,P3,,app/web/static/article-expansion-50c-fortune.js，正文 1688 字。 ,
MBTI-BRANCH-INFP-AC,fortune,personality-0026,personality-0026,INFP-AC 是什麼？價值定錨與獨立選擇怎麼並存,app/web/static/article-registry.js,app/web/static/article-expansion-50c-mbti.js,1627,KEEP,P3,,app/web/static/article-expansion-50c-mbti.js，正文 1627 字。 ,
TAROT-SWORDS-07,tarot,tarot-0026,tarot-0026,寶劍七意思：正位、逆位、感情與工作怎麼看,app/web/static/article-registry.js,app/web/static/article-bodies-next-30.js,790,LIGHT_EDIT,P2,SHORT_BODY,app/web/static/article-bodies-next-30.js，正文 790 字。 正文僅 790 字，低於基礎概念文建議長度。,
ASTRO-ASPECT-SQUARE-01,astro,astrology-0027,astrology-0027,四分相是什麼？理解行星張力如何推動練習與調整,app/web/static/article-registry.js,app/web/static/article-expansion-50c-astro.js,1801,KEEP,P3,,app/web/static/article-expansion-50c-astro.js，正文 1801 字。 ,
EXPANSION-50D-FORTUNE-0027,fortune,fortune-0027,fortune-0027,太陰星是什麼？紫微斗數中的情緒、資源與生活節奏,app/web/static/article-registry.js,app/web/static/article-expansion-50d-fortune.js,1137,LIGHT_EDIT,P2,SEARCH_INTENT_LAG,app/web/static/article-expansion-50d-fortune.js，正文 1137 字。 主關鍵字「太陰星」未在正文前 130 字內自然回答。,
MBTI-BRANCH-INFP-OH,fortune,personality-0027,personality-0027,INFP-OH 是什麼？情緒敏銳與和諧需求的日常樣貌,app/web/static/article-registry.js,app/web/static/article-expansion-50c-mbti.js,1621,KEEP,P3,,app/web/static/article-expansion-50c-mbti.js，正文 1621 字。 ,
TAROT-WANDS-03,tarot,tarot-0027,tarot-0027,權杖三意思：正位、逆位、感情與工作怎麼看,app/web/static/article-registry.js,app/web/static/article-bodies-next-30.js + app/web/static/article-card-face-50.js,1342,KEEP,P3,,app/web/static/article-bodies-next-30.js + app/web/static/article-card-face-50.js，正文 1342 字。 ,
ASTRO-EXPANSION-50D-0028,astro,astrology-0028,astrology-0028,月亮牡羊星座是什麼？情緒、安全感與互動節奏怎麼看,app/web/static/article-registry.js,app/web/static/article-expansion-50d-astro.js,1254,LIGHT_EDIT,P2,SEARCH_INTENT_LAG,app/web/static/article-expansion-50d-astro.js，正文 1254 字。 主關鍵字「月亮牡羊星座」未在正文前 130 字內自然回答。,
EXPANSION-50D-FORTUNE-0028,fortune,fortune-0028,fortune-0028,貪狼星是什麼？紫微斗數中的興趣、人際與選擇,app/web/static/article-registry.js,app/web/static/article-expansion-50d-fortune.js,1138,LIGHT_EDIT,P2,SEARCH_INTENT_LAG,app/web/static/article-expansion-50d-fortune.js，正文 1138 字。 主關鍵字「貪狼星」未在正文前 130 字內自然回答。,
MBTI-BRANCH-INFP-OC,fortune,personality-0028,personality-0028,INFP-OC 是什麼？私密敏感與冷靜界線的形成,app/web/static/article-registry.js,app/web/static/article-expansion-50c-mbti.js,1625,KEEP,P3,,app/web/static/article-expansion-50c-mbti.js，正文 1625 字。 ,
TAROT-WANDS-05,tarot,tarot-0028,tarot-0028,權杖五意思：正位、逆位、感情與工作怎麼看,app/web/static/article-registry.js,app/web/static/article-bodies-next-30.js + app/web/static/article-card-face-50.js,1352,KEEP,P3,,app/web/static/article-bodies-next-30.js + app/web/static/article-card-face-50.js，正文 1352 字。 ,
ASTRO-EXPANSION-50D-0029,astro,astrology-0029,astrology-0029,月亮金牛星座是什麼？情緒、安全感與互動節奏怎麼看,app/web/static/article-registry.js,app/web/static/article-expansion-50d-astro.js,1275,LIGHT_EDIT,P2,SEARCH_INTENT_LAG,app/web/static/article-expansion-50d-astro.js，正文 1275 字。 主關鍵字「月亮金牛星座」未在正文前 130 字內自然回答。,
EXPANSION-50D-FORTUNE-0029,fortune,fortune-0029,fortune-0029,巨門星是什麼？紫微斗數中的表達、疑問與界線,app/web/static/article-registry.js,app/web/static/article-expansion-50d-fortune.js,1135,LIGHT_EDIT,P2,SEARCH_INTENT_LAG,app/web/static/article-expansion-50d-fortune.js，正文 1135 字。 主關鍵字「巨門星」未在正文前 130 字內自然回答。,
MBTI-BRANCH-INFJ-AH,fortune,personality-0029,personality-0029,INFJ-AH 是什麼？願景引導與穩定協調的組合,app/web/static/article-registry.js,app/web/static/article-expansion-50c-mbti.js,1628,KEEP,P3,,app/web/static/article-expansion-50c-mbti.js，正文 1628 字。 ,
TAROT-PENTACLES-05,tarot,tarot-0029,tarot-0029,錢幣五意思：正位、逆位、感情與工作怎麼看,app/web/static/article-registry.js,app/web/static/article-bodies-next-30.js,780,LIGHT_EDIT,P2,SHORT_BODY,app/web/static/article-bodies-next-30.js，正文 780 字。 正文僅 780 字，低於基礎概念文建議長度。,
ASTRO-EXPANSION-50D-0030,astro,astrology-0030,astrology-0030,月亮雙子星座是什麼？情緒、安全感與互動節奏怎麼看,app/web/static/article-registry.js,app/web/static/article-expansion-50d-astro.js,1263,LIGHT_EDIT,P2,SEARCH_INTENT_LAG,app/web/static/article-expansion-50d-astro.js，正文 1263 字。 主關鍵字「月亮雙子星座」未在正文前 130 字內自然回答。,
EXPANSION-50D-FORTUNE-0030,fortune,fortune-0030,fortune-0030,天相星是什麼？紫微斗數中的協調、規則與合作,app/web/static/article-registry.js,app/web/static/article-expansion-50d-fortune.js,1139,LIGHT_EDIT,P2,SEARCH_INTENT_LAG,app/web/static/article-expansion-50d-fortune.js，正文 1139 字。 主關鍵字「天相星」未在正文前 130 字內自然回答。,
MBTI-BRANCH-INFJ-AC,fortune,personality-0030,personality-0030,INFJ-AC 是什麼？安靜信念如何成為決策定錨,app/web/static/article-registry.js,app/web/static/article-expansion-50c-mbti.js,1631,KEEP,P3,,app/web/static/article-expansion-50c-mbti.js，正文 1631 字。 ,
TAROT-SWORDS-09,tarot,tarot-0030,tarot-0030,寶劍九意思：正位、逆位、感情與工作怎麼看,app/web/static/article-registry.js,app/web/static/article-bodies-next-30.js,768,LIGHT_EDIT,P2,SHORT_BODY,app/web/static/article-bodies-next-30.js，正文 768 字。 正文僅 768 字，低於基礎概念文建議長度。,
ASTRO-EXPANSION-50D-0031,astro,astrology-0031,astrology-0031,月亮巨蟹星座是什麼？情緒、安全感與互動節奏怎麼看,app/web/static/article-registry.js,app/web/static/article-expansion-50d-astro.js,1275,LIGHT_EDIT,P2,SEARCH_INTENT_LAG,app/web/static/article-expansion-50d-astro.js，正文 1275 字。 主關鍵字「月亮巨蟹星座」未在正文前 130 字內自然回答。,
EXPANSION-50D-FORTUNE-0031,fortune,fortune-0031,fortune-0031,天梁星是什麼？紫微斗數中的保護、原則與長期承擔,app/web/static/article-registry.js,app/web/static/article-expansion-50d-fortune.js,1143,LIGHT_EDIT,P2,SEARCH_INTENT_LAG,app/web/static/article-expansion-50d-fortune.js，正文 1143 字。 主關鍵字「天梁星」未在正文前 130 字內自然回答。,
MBTI-BRANCH-INFJ-OH,fortune,personality-0031,personality-0031,INFJ-OH 是什麼？關係敏感度如何影響長期願景,app/web/static/article-registry.js,app/web/static/article-expansion-50c-mbti.js,1621,KEEP,P3,,app/web/static/article-expansion-50c-mbti.js，正文 1621 字。 ,
TAROT-SWORDS-02,tarot,tarot-0031,tarot-0031,寶劍二意思：正位、逆位、感情與工作怎麼看,app/web/static/article-registry.js,app/web/static/article-bodies-next-30.js,765,LIGHT_EDIT,P2,SHORT_BODY,app/web/static/article-bodies-next-30.js，正文 765 字。 正文僅 765 字，低於基礎概念文建議長度。,
ASTRO-EXPANSION-50D-0032,astro,astrology-0032,astrology-0032,月亮獅子星座是什麼？情緒、安全感與互動節奏怎麼看,app/web/static/article-registry.js,app/web/static/article-expansion-50d-astro.js,1277,LIGHT_EDIT,P2,SEARCH_INTENT_LAG,app/web/static/article-expansion-50d-astro.js，正文 1277 字。 主關鍵字「月亮獅子星座」未在正文前 130 字內自然回答。,
EXPANSION-50D-FORTUNE-0032,fortune,fortune-0032,fortune-0032,七殺星是什麼？紫微斗數中的決斷、壓力與轉向,app/web/static/article-registry.js,app/web/static/article-expansion-50d-fortune.js,1135,LIGHT_EDIT,P2,SEARCH_INTENT_LAG,app/web/static/article-expansion-50d-fortune.js，正文 1135 字。 主關鍵字「七殺星」未在正文前 130 字內自然回答。,
MBTI-BRANCH-INFJ-OC,fortune,personality-0032,personality-0032,INFJ-OC 是什麼？內在警覺與克制洞察怎麼運作,app/web/static/article-registry.js,app/web/static/article-expansion-50c-mbti.js,1636,KEEP,P3,,app/web/static/article-expansion-50c-mbti.js，正文 1636 字。 ,
TAROT-CUPS-02,tarot,tarot-0032,tarot-0032,聖杯二意思：正位、逆位、感情與工作怎麼看,app/web/static/article-registry.js,app/web/static/article-bodies-next-30.js + app/web/static/article-card-face-50.js,1343,KEEP,P3,,app/web/static/article-bodies-next-30.js + app/web/static/article-card-face-50.js，正文 1343 字。 ,
ASTRO-EXPANSION-50D-0033,astro,astrology-0033,astrology-0033,月亮處女星座是什麼？情緒、安全感與互動節奏怎麼看,app/web/static/article-registry.js,app/web/static/article-expansion-50d-astro.js,1269,LIGHT_EDIT,P2,SEARCH_INTENT_LAG,app/web/static/article-expansion-50d-astro.js，正文 1269 字。 主關鍵字「月亮處女星座」未在正文前 130 字內自然回答。,
EXPANSION-50D-FORTUNE-0033,fortune,fortune-0033,fortune-0033,破軍星是什麼？紫微斗數中的拆解、更新與重建,app/web/static/article-registry.js,app/web/static/article-expansion-50d-fortune.js,1140,LIGHT_EDIT,P2,SEARCH_INTENT_LAG,app/web/static/article-expansion-50d-fortune.js，正文 1140 字。 主關鍵字「破軍星」未在正文前 130 字內自然回答。,
MBTI-BRANCH-ENFP-AH,fortune,personality-0033,personality-0033,ENFP-AH 是什麼？自信探索如何帶動友善合作,app/web/static/article-registry.js,app/web/static/article-expansion-50c-mbti.js,1637,KEEP,P3,,app/web/static/article-expansion-50c-mbti.js，正文 1637 字。 ,
TAROT-WANDS-01,tarot,tarot-0033,tarot-0033,權杖一意思：正位、逆位、感情與工作怎麼看,app/web/static/article-registry.js,app/web/static/article-bodies-scale-44.js + app/web/static/article-card-face-50.js,1686,KEEP,P3,,app/web/static/article-bodies-scale-44.js + app/web/static/article-card-face-50.js，正文 1686 字。 ,
ASTRO-EXPANSION-50D-0034,astro,astrology-0034,astrology-0034,月亮天秤星座是什麼？情緒、安全感與互動節奏怎麼看,app/web/static/article-registry.js,app/web/static/article-expansion-50d-astro.js,1271,LIGHT_EDIT,P2,SEARCH_INTENT_LAG,app/web/static/article-expansion-50d-astro.js，正文 1271 字。 主關鍵字「月亮天秤星座」未在正文前 130 字內自然回答。,
EXPANSION-50D-FORTUNE-0034,fortune,fortune-0034,fortune-0034,天干是什麼？八字十天干、五行與性質怎麼看,app/web/static/article-registry.js,app/web/static/article-expansion-50d-fortune.js,1151,LIGHT_EDIT,P2,SEARCH_INTENT_LAG,app/web/static/article-expansion-50d-fortune.js，正文 1151 字。 主關鍵字「天干是什麼」未在正文前 130 字內自然回答。,
MBTI-BRANCH-ENFP-AC,fortune,personality-0034,personality-0034,ENFP-AC 是什麼？自主探索與冷靜取捨的節奏,app/web/static/article-registry.js,app/web/static/article-expansion-50c-mbti.js,1631,KEEP,P3,,app/web/static/article-expansion-50c-mbti.js，正文 1631 字。 ,
TAROT-WANDS-02,tarot,tarot-0034,tarot-0034,權杖二意思：正位、逆位、感情與工作怎麼看,app/web/static/article-registry.js,app/web/static/article-bodies-scale-44.js + app/web/static/article-card-face-50.js,1751,KEEP,P3,,app/web/static/article-bodies-scale-44.js + app/web/static/article-card-face-50.js，正文 1751 字。 ,
ASTRO-EXPANSION-50D-0035,astro,astrology-0035,astrology-0035,月亮天蠍星座是什麼？情緒、安全感與互動節奏怎麼看,app/web/static/article-registry.js,app/web/static/article-expansion-50d-astro.js,1274,LIGHT_EDIT,P2,SEARCH_INTENT_LAG,app/web/static/article-expansion-50d-astro.js，正文 1274 字。 主關鍵字「月亮天蠍星座」未在正文前 130 字內自然回答。,
EXPANSION-50D-FORTUNE-0035,fortune,fortune-0035,fortune-0035,地支是什麼？八字十二地支、時序與互動怎麼看,app/web/static/article-registry.js,app/web/static/article-expansion-50d-fortune.js,1160,LIGHT_EDIT,P2,SEARCH_INTENT_LAG,app/web/static/article-expansion-50d-fortune.js，正文 1160 字。 主關鍵字「地支是什麼」未在正文前 130 字內自然回答。,
MBTI-BRANCH-ENFP-OH,fortune,personality-0035,personality-0035,ENFP-OH 是什麼？敏銳熱情如何回應人群變化,app/web/static/article-registry.js,app/web/static/article-expansion-50c-mbti.js,1630,KEEP,P3,,app/web/static/article-expansion-50c-mbti.js，正文 1630 字。 ,
TAROT-WANDS-04,tarot,tarot-0035,tarot-0035,權杖四意思：正位、逆位、感情與工作怎麼看,app/web/static/article-registry.js,app/web/static/article-bodies-scale-44.js + app/web/static/article-card-face-50.js,1740,KEEP,P3,,app/web/static/article-bodies-scale-44.js + app/web/static/article-card-face-50.js，正文 1740 字。 ,
ASTRO-EXPANSION-50D-0036,astro,astrology-0036,astrology-0036,月亮射手星座是什麼？情緒、安全感與互動節奏怎麼看,app/web/static/article-registry.js,app/web/static/article-expansion-50d-astro.js,1276,LIGHT_EDIT,P2,SEARCH_INTENT_LAG,app/web/static/article-expansion-50d-astro.js，正文 1276 字。 主關鍵字「月亮射手星座」未在正文前 130 字內自然回答。,
EXPANSION-50D-FORTUNE-0036,fortune,fortune-0036,fortune-0036,四柱八字是什麼？年柱、月柱、日柱、時柱怎麼讀,app/web/static/article-registry.js,app/web/static/article-expansion-50d-fortune.js,1171,LIGHT_EDIT,P2,SEARCH_INTENT_LAG,app/web/static/article-expansion-50d-fortune.js，正文 1171 字。 主關鍵字「四柱是什麼」未在正文前 130 字內自然回答。,
MBTI-BRANCH-ENFP-OC,fortune,personality-0036,personality-0036,ENFP-OC 是什麼？高反應創意與冷靜定錨的平衡,app/web/static/article-registry.js,app/web/static/article-expansion-50c-mbti.js,1644,KEEP,P3,,app/web/static/article-expansion-50c-mbti.js，正文 1644 字。 ,
TAROT-WANDS-06,tarot,tarot-0036,tarot-0036,權杖六意思：正位、逆位、感情與工作怎麼看,app/web/static/article-registry.js,app/web/static/article-bodies-scale-44.js + app/web/static/article-card-face-50.js,1747,KEEP,P3,,app/web/static/article-bodies-scale-44.js + app/web/static/article-card-face-50.js，正文 1747 字。 ,
ASTRO-EXPANSION-50D-0037,astro,astrology-0037,astrology-0037,月亮摩羯星座是什麼？情緒、安全感與互動節奏怎麼看,app/web/static/article-registry.js,app/web/static/article-expansion-50d-astro.js,1275,LIGHT_EDIT,P2,SEARCH_INTENT_LAG,app/web/static/article-expansion-50d-astro.js，正文 1275 字。 主關鍵字「月亮摩羯星座」未在正文前 130 字內自然回答。,
EXPANSION-50D-FORTUNE-0037,fortune,fortune-0037,fortune-0037,月令是什麼？八字判讀中的季節與核心條件,app/web/static/article-registry.js,app/web/static/article-expansion-50d-fortune.js,1139,LIGHT_EDIT,P2,SEARCH_INTENT_LAG,app/web/static/article-expansion-50d-fortune.js，正文 1139 字。 主關鍵字「月令是什麼」未在正文前 130 字內自然回答。,
MBTI-64-ENTJ-AH,personality,personality-0037,personality-0037,ENTJ-AH 是什麼？掌控感、事業推進與關係壓力怎麼看,app/web/static/article-registry.js,app/web/static/article-expansion-50d-mbti.js,1509,KEEP,P3,,app/web/static/article-expansion-50d-mbti.js，正文 1509 字。 ,
TAROT-WANDS-07,tarot,tarot-0037,tarot-0037,權杖七意思：正位、逆位、感情與工作怎麼看,app/web/static/article-registry.js,app/web/static/article-bodies-scale-44.js + app/web/static/article-card-face-50.js,1713,KEEP,P3,,app/web/static/article-bodies-scale-44.js + app/web/static/article-card-face-50.js，正文 1713 字。 ,
ASTRO-EXPANSION-50D-0038,astro,astrology-0038,astrology-0038,月亮水瓶星座是什麼？情緒、安全感與互動節奏怎麼看,app/web/static/article-registry.js,app/web/static/article-expansion-50d-astro.js,1285,LIGHT_EDIT,P2,SEARCH_INTENT_LAG,app/web/static/article-expansion-50d-astro.js，正文 1285 字。 主關鍵字「月亮水瓶星座」未在正文前 130 字內自然回答。,
EXPANSION-50D-FORTUNE-0038,fortune,fortune-0038,fortune-0038,藏干是什麼？地支裡的天干與層次怎麼理解,app/web/static/article-registry.js,app/web/static/article-expansion-50d-fortune.js,1146,LIGHT_EDIT,P2,SEARCH_INTENT_LAG,app/web/static/article-expansion-50d-fortune.js，正文 1146 字。 主關鍵字「藏干是什麼」未在正文前 130 字內自然回答。,
MBTI-64-ENTJ-AC,personality,personality-0038,personality-0038,ENTJ-AC 是什麼？決策力、責任與工作節奏怎麼看,app/web/static/article-registry.js,app/web/static/article-expansion-50d-mbti.js,1513,KEEP,P3,,app/web/static/article-expansion-50d-mbti.js，正文 1513 字。 ,
TAROT-WANDS-08,tarot,tarot-0038,tarot-0038,權杖八意思：正位、逆位、感情與工作怎麼看,app/web/static/article-registry.js,app/web/static/article-bodies-scale-44.js + app/web/static/article-card-face-50.js,1707,KEEP,P3,,app/web/static/article-bodies-scale-44.js + app/web/static/article-card-face-50.js，正文 1707 字。 ,
ASTRO-EXPANSION-50D-0039,astro,astrology-0039,astrology-0039,月亮雙魚星座是什麼？情緒、安全感與互動節奏怎麼看,app/web/static/article-registry.js,app/web/static/article-expansion-50d-astro.js,1284,LIGHT_EDIT,P2,SEARCH_INTENT_LAG,app/web/static/article-expansion-50d-astro.js，正文 1284 字。 主關鍵字「月亮雙魚星座」未在正文前 130 字內自然回答。,
EXPANSION-50D-FORTUNE-0039,fortune,fortune-0039,fortune-0039,用神是什麼？八字中的平衡思路與使用限制,app/web/static/article-registry.js,app/web/static/article-expansion-50d-fortune.js,1165,LIGHT_EDIT,P2,SEARCH_INTENT_LAG,app/web/static/article-expansion-50d-fortune.js，正文 1165 字。 主關鍵字「用神是什麼」未在正文前 130 字內自然回答。,
MBTI-64-ENTJ-OH,personality,personality-0039,personality-0039,ENTJ-OH 是什麼？野心、變動與人生方向怎麼看,app/web/static/article-registry.js,app/web/static/article-expansion-50d-mbti.js,1496,KEEP,P3,,app/web/static/article-expansion-50d-mbti.js，正文 1496 字。 ,
TAROT-WANDS-09,tarot,tarot-0039,tarot-0039,權杖九意思：正位、逆位、感情與工作怎麼看,app/web/static/article-registry.js,app/web/static/article-bodies-scale-44.js + app/web/static/article-card-face-50.js,1745,KEEP,P3,,app/web/static/article-bodies-scale-44.js + app/web/static/article-card-face-50.js，正文 1745 字。 ,
ASTRO-EXPANSION-50D-0040,astro,astrology-0040,astrology-0040,第一宮是什麼？自我呈現、身體感和開始一件事的方式怎麼看,app/web/static/article-registry.js,app/web/static/article-expansion-50d-astro.js,1224,KEEP,P3,,app/web/static/article-expansion-50d-astro.js，正文 1224 字。 ,
EXPANSION-50D-FORTUNE-0040,fortune,fortune-0040,fortune-0040,喜忌是什麼？八字中的偏好條件與避免簡化,app/web/static/article-registry.js,app/web/static/article-expansion-50d-fortune.js,1166,LIGHT_EDIT,P2,SEARCH_INTENT_LAG,app/web/static/article-expansion-50d-fortune.js，正文 1166 字。 主關鍵字「喜忌是什麼」未在正文前 130 字內自然回答。,
MBTI-64-ENTJ-OC,personality,personality-0040,personality-0040,ENTJ-OC 是什麼？策略、自由度與合作界線怎麼看,app/web/static/article-registry.js,app/web/static/article-expansion-50d-mbti.js,1515,KEEP,P3,,app/web/static/article-expansion-50d-mbti.js，正文 1515 字。 ,
TAROT-WANDS-10,tarot,tarot-0040,tarot-0040,權杖十意思：正位、逆位、感情與工作怎麼看,app/web/static/article-registry.js,app/web/static/article-bodies-scale-44.js + app/web/static/article-card-face-50.js,1771,KEEP,P3,,app/web/static/article-bodies-scale-44.js + app/web/static/article-card-face-50.js，正文 1771 字。 ,
ASTRO-EXPANSION-50D-0041,astro,astrology-0041,astrology-0041,第四宮是什麼？家庭根基、私領域和內在歸屬怎麼看,app/web/static/article-registry.js,app/web/static/article-expansion-50d-astro.js,1212,KEEP,P3,,app/web/static/article-expansion-50d-astro.js，正文 1212 字。 ,
EXPANSION-50D-FORTUNE-0041,fortune,fortune-0041,fortune-0041,合沖刑害是什麼？八字互動關係與生活觀察怎麼看,app/web/static/article-registry.js,app/web/static/article-expansion-50d-fortune.js,1211,LIGHT_EDIT,P2,SEARCH_INTENT_LAG,app/web/static/article-expansion-50d-fortune.js，正文 1211 字。 主關鍵字「合沖刑害是什麼」未在正文前 130 字內自然回答。,
MBTI-64-ENTP-AH,personality,personality-0041,personality-0041,ENTP-AH 是什麼？辯論感、創意與工作壓力怎麼看,app/web/static/article-registry.js,app/web/static/article-expansion-50d-mbti.js,1524,KEEP,P3,,app/web/static/article-expansion-50d-mbti.js，正文 1524 字。 ,
TAROT-WANDS-PAGE,tarot,tarot-0041,tarot-0041,權杖侍者意思：正位、逆位、感情與工作怎麼看,app/web/static/article-registry.js,app/web/static/article-bodies-scale-44.js + app/web/static/article-card-face-50.js,1771,KEEP,P3,,app/web/static/article-bodies-scale-44.js + app/web/static/article-card-face-50.js，正文 1771 字。 ,
ASTRO-EXPANSION-50D-0042,astro,astrology-0042,astrology-0042,第七宮是什麼？一對一關係、合作契約和互相投射怎麼看,app/web/static/article-registry.js,app/web/static/article-expansion-50d-astro.js,1210,KEEP,P3,,app/web/static/article-expansion-50d-astro.js，正文 1210 字。 ,
EXPANSION-50D-FORTUNE-0042,fortune,fortune-0042,fortune-0042,八字格局是什麼？結構、條件與避免貼標籤,app/web/static/article-registry.js,app/web/static/article-expansion-50d-fortune.js,1177,LIGHT_EDIT,P2,SEARCH_INTENT_LAG,app/web/static/article-expansion-50d-fortune.js，正文 1177 字。 主關鍵字「格局是什麼」未在正文前 130 字內自然回答。,
MBTI-64-ENTP-AC,personality,personality-0042,personality-0042,ENTP-AC 是什麼？點子多、承諾感與關係節奏怎麼看,app/web/static/article-registry.js,app/web/static/article-expansion-50d-mbti.js,1518,KEEP,P3,,app/web/static/article-expansion-50d-mbti.js，正文 1518 字。 ,
TAROT-WANDS-KNIGHT,tarot,tarot-0042,tarot-0042,權杖騎士意思：正位、逆位、感情與工作怎麼看,app/web/static/article-registry.js,app/web/static/article-bodies-scale-44.js + app/web/static/article-card-face-50.js,1756,KEEP,P3,,app/web/static/article-bodies-scale-44.js + app/web/static/article-card-face-50.js，正文 1756 字。 ,
ASTRO-EXPANSION-50D-0043,astro,astrology-0043,astrology-0043,第十宮是什麼？公開角色、方向、責任和社會可見度怎麼看,app/web/static/article-registry.js,app/web/static/article-expansion-50d-astro.js,1219,KEEP,P3,,app/web/static/article-expansion-50d-astro.js，正文 1219 字。 ,
EXPANSION-50D-FORTUNE-0043,fortune,fortune-0043,fortune-0043,納音是什麼？六十甲子納音與八字閱讀的邊界,app/web/static/article-registry.js,app/web/static/article-expansion-50d-fortune.js,1157,LIGHT_EDIT,P2,SEARCH_INTENT_LAG,app/web/static/article-expansion-50d-fortune.js，正文 1157 字。 主關鍵字「納音是什麼」未在正文前 130 字內自然回答。,
MBTI-64-ENTP-OH,personality,personality-0043,personality-0043,ENTP-OH 是什麼？探索欲、分心與人生方向怎麼看,app/web/static/article-registry.js,app/web/static/article-expansion-50d-mbti.js,1528,KEEP,P3,,app/web/static/article-expansion-50d-mbti.js，正文 1528 字。 ,
TAROT-WANDS-QUEEN,tarot,tarot-0043,tarot-0043,權杖皇后意思：正位、逆位、感情與工作怎麼看,app/web/static/article-registry.js,app/web/static/article-bodies-scale-44.js + app/web/static/article-card-face-50.js,1738,KEEP,P3,,app/web/static/article-bodies-scale-44.js + app/web/static/article-card-face-50.js，正文 1738 字。 ,
ASTRO-EXPANSION-50D-0044,astro,astrology-0044,astrology-0044,第十二宮是什麼？退隱、內在消化、休息和不易被看見的經驗怎麼看,app/web/static/article-registry.js,app/web/static/article-expansion-50d-astro.js,1247,KEEP,P3,,app/web/static/article-expansion-50d-astro.js，正文 1247 字。 ,
CHART-CYCLE-DECADE,fortune,fortune-0044,fortune-0044,大限是什麼？紫微斗數十年運勢節奏與人生轉換期關聯的客觀解讀,app/web/static/article-registry.js,app/web/static/article-expansion-agy-matrix-backlog-v1-01.js,2211,LIGHT_EDIT,P2,BANNED_PHRASE|SEARCH_INTENT_LAG,app/web/static/article-expansion-agy-matrix-backlog-v1-01.js，正文 2211 字。 「大限是什麼」正文命中禁用或舊模板詞：保證、注定。 主關鍵字「大限是什麼」未在正文前 130 字內自然回答。,
MBTI-64-ENTP-OC,personality,personality-0044,personality-0044,ENTP-OC 是什麼？彈性、界線與工作落地怎麼看,app/web/static/article-registry.js,app/web/static/article-expansion-50d-mbti.js,1519,KEEP,P3,,app/web/static/article-expansion-50d-mbti.js，正文 1519 字。 ,
TAROT-WANDS-KING,tarot,tarot-0044,tarot-0044,權杖國王意思：正位、逆位、感情與工作怎麼看,app/web/static/article-registry.js,app/web/static/article-bodies-scale-44.js + app/web/static/article-card-face-50.js,1795,KEEP,P3,,app/web/static/article-bodies-scale-44.js + app/web/static/article-card-face-50.js，正文 1795 字。 ,
ASC-ARIES,astro,astrology-0045,astrology-0045,上升牡羊是什麼？探討外在氣質、感情與事業潛在發展模式的客觀分析,app/web/static/article-registry.js,app/web/static/article-expansion-agy-matrix-backlog-v1-01.js,2260,LIGHT_EDIT,P2,BANNED_PHRASE|LOW_SCENARIO_DENSITY,app/web/static/article-expansion-agy-matrix-backlog-v1-01.js，正文 2260 字。 「上升牡羊」正文命中禁用或舊模板詞：一定。 具體情境/可觀察動詞密度偏低，偵測到 6 個具體訊號。,
MBTI-64-ISFJ-AH,personality,personality-0045,personality-0045,ISFJ-AH 是什麼？照顧責任、關係壓力與界線怎麼看,app/web/static/article-registry.js,app/web/static/article-expansion-50d-mbti.js,1538,KEEP,P3,,app/web/static/article-expansion-50d-mbti.js，正文 1538 字。 ,
TAROT-CUPS-01,tarot,tarot-0045,tarot-0045,聖杯一意思：正位、逆位、感情與工作怎麼看,app/web/static/article-registry.js,app/web/static/article-bodies-scale-44.js + app/web/static/article-card-face-50.js,1744,KEEP,P3,,app/web/static/article-bodies-scale-44.js + app/web/static/article-card-face-50.js，正文 1744 字。 ,
ASC-TAURUS,astro,astrology-0046,astrology-0046,上升金牛氣質與性格完整解析：看懂感情事業與外在特質的指南,app/web/static/article-registry.js,app/web/static/article-expansion-agy-matrix-backlog-v1-retry-01.js,1788,KEEP,P3,,app/web/static/article-expansion-agy-matrix-backlog-v1-retry-01.js，正文 1788 字。 ,
MBTI-64-ISFJ-AC,personality,personality-0046,personality-0046,ISFJ-AC 是什麼？組織力、他人期待與工作壓力怎麼看,app/web/static/article-registry.js,app/web/static/article-expansion-50d-mbti.js,1520,KEEP,P3,,app/web/static/article-expansion-50d-mbti.js，正文 1520 字。 ,
TAROT-CUPS-03,tarot,tarot-0046,tarot-0046,聖杯三意思：正位、逆位、感情與工作怎麼看,app/web/static/article-registry.js,app/web/static/article-bodies-scale-44.js + app/web/static/article-card-face-50.js,1763,KEEP,P3,,app/web/static/article-bodies-scale-44.js + app/web/static/article-card-face-50.js，正文 1763 字。 ,
ASC-GEMINI,astro,astrology-0047,astrology-0047,上升雙子性格與氣質特徵解析：探索社交事業與情感世界的指南,app/web/static/article-registry.js,app/web/static/article-expansion-agy-matrix-backlog-v1-retry-01.js,1807,KEEP,P3,,app/web/static/article-expansion-agy-matrix-backlog-v1-retry-01.js，正文 1807 字。 ,
MBTI-64-ISFJ-OH,personality,personality-0047,personality-0047,ISFJ-OH 是什麼？溫柔穩定、探索與人生方向怎麼看,app/web/static/article-registry.js,app/web/static/article-expansion-50d-mbti.js,1530,KEEP,P3,,app/web/static/article-expansion-50d-mbti.js，正文 1530 字。 ,
TAROT-CUPS-04,tarot,tarot-0047,tarot-0047,聖杯四意思：正位、逆位、感情與工作怎麼看,app/web/static/article-registry.js,app/web/static/article-bodies-scale-44.js + app/web/static/article-card-face-50.js,1723,KEEP,P3,,app/web/static/article-bodies-scale-44.js + app/web/static/article-card-face-50.js，正文 1723 字。 ,
MBTI-64-ISFJ-OC,personality,personality-0048,personality-0048,ISFJ-OC 是什麼？細節感、彈性與關係需求怎麼看,app/web/static/article-registry.js,app/web/static/article-expansion-50d-mbti.js,1531,KEEP,P3,,app/web/static/article-expansion-50d-mbti.js，正文 1531 字。 ,
TAROT-CUPS-05,tarot,tarot-0048,tarot-0048,聖杯五意思：正位、逆位、感情與工作怎麼看,app/web/static/article-registry.js,app/web/static/article-bodies-scale-44.js + app/web/static/article-card-face-50.js,1761,KEEP,P3,,app/web/static/article-bodies-scale-44.js + app/web/static/article-card-face-50.js，正文 1761 字。 ,
MBTI-64-ENFJ-AH,personality,personality-0049,personality-0049,ENFJ-AH 是什麼？照顧責任、關係壓力與界線怎麼看,app/web/static/article-registry.js,app/web/static/article-expansion-50d-mbti.js,1544,KEEP,P3,,app/web/static/article-expansion-50d-mbti.js，正文 1544 字。 ,
TAROT-CUPS-06,tarot,tarot-0049,tarot-0049,聖杯六意思：正位、逆位、感情與工作怎麼看,app/web/static/article-registry.js,app/web/static/article-bodies-scale-44.js + app/web/static/article-card-face-50.js,1742,KEEP,P3,,app/web/static/article-bodies-scale-44.js + app/web/static/article-card-face-50.js，正文 1742 字。 ,
MBTI-64-ENFJ-AC,personality,personality-0050,personality-0050,ENFJ-AC 是什麼？組織力、他人期待與工作壓力怎麼看,app/web/static/article-registry.js,app/web/static/article-expansion-50d-mbti.js,1533,KEEP,P3,,app/web/static/article-expansion-50d-mbti.js，正文 1533 字。 ,
TAROT-CUPS-07,tarot,tarot-0050,tarot-0050,聖杯七意思：正位、逆位、感情與工作怎麼看,app/web/static/article-registry.js,app/web/static/article-bodies-scale-44.js + app/web/static/article-card-face-50.js,1751,KEEP,P3,,app/web/static/article-bodies-scale-44.js + app/web/static/article-card-face-50.js，正文 1751 字。 ,
MBTI-64-ENFJ-OH,personality,personality-0051,personality-0051,ENFJ-OH 是什麼？熱情、理想與人生方向怎麼看,app/web/static/article-registry.js,app/web/static/article-expansion-50d-mbti.js,1540,KEEP,P3,,app/web/static/article-expansion-50d-mbti.js，正文 1540 字。 ,
TAROT-CUPS-08,tarot,tarot-0051,tarot-0051,聖杯八意思：正位、逆位、感情與工作怎麼看,app/web/static/article-registry.js,app/web/static/article-bodies-scale-44.js + app/web/static/article-card-face-50.js,1753,KEEP,P3,,app/web/static/article-bodies-scale-44.js + app/web/static/article-card-face-50.js，正文 1753 字。 ,
MBTI-64-ENFJ-OC,personality,personality-0052,personality-0052,ENFJ-OC 是什麼？連結感、彈性與關係界線怎麼看,app/web/static/article-registry.js,app/web/static/article-expansion-50d-mbti.js,1541,KEEP,P3,,app/web/static/article-expansion-50d-mbti.js，正文 1541 字。 ,
TAROT-CUPS-09,tarot,tarot-0052,tarot-0052,聖杯九意思：正位、逆位、感情與工作怎麼看,app/web/static/article-registry.js,app/web/static/article-bodies-scale-44.js + app/web/static/article-card-face-50.js,1730,KEEP,P3,,app/web/static/article-bodies-scale-44.js + app/web/static/article-card-face-50.js，正文 1730 字。 ,
MBTI-INTP-AH,personality,personality-0053,personality-0053,INTP-AH 是什麼？探討大腦想太多、冷處理特質與工作節奏調整,app/web/static/article-registry.js,app/web/static/article-expansion-agy-prototype-v1-01.js,1891,LIGHT_EDIT,P2,BANNED_PHRASE,app/web/static/article-expansion-agy-prototype-v1-01.js，正文 1891 字。 「INTP-AH 是什麼」正文命中禁用或舊模板詞：一定、保證。,
TAROT-CUPS-10,tarot,tarot-0053,tarot-0053,聖杯十意思：正位、逆位、感情與工作怎麼看,app/web/static/article-registry.js,app/web/static/article-bodies-scale-44.js + app/web/static/article-card-face-50.js,1747,KEEP,P3,,app/web/static/article-bodies-scale-44.js + app/web/static/article-card-face-50.js，正文 1747 字。 ,
MBTI-INTP-AC,personality,personality-0054,personality-0054,INTP-AC 是什麼？Pantheon 亞型分析力、拖延與關係表達的影響,app/web/static/article-registry.js,app/web/static/article-expansion-agy-matrix-backlog-v1-01.js,2280,LIGHT_EDIT,P2,SEARCH_INTENT_LAG,app/web/static/article-expansion-agy-matrix-backlog-v1-01.js，正文 2280 字。 主關鍵字「INTP-AC 是什麼」未在正文前 130 字內自然回答。,
TAROT-CUPS-PAGE,tarot,tarot-0054,tarot-0054,聖杯侍者意思：正位、逆位、感情與工作怎麼看,app/web/static/article-registry.js,app/web/static/article-bodies-scale-44.js + app/web/static/article-card-face-50.js,1774,KEEP,P3,,app/web/static/article-bodies-scale-44.js + app/web/static/article-card-face-50.js，正文 1774 字。 ,
MBTI-INTP-OH,personality,personality-0055,personality-0055,INTP-OH 是什麼？Pantheon 亞型好奇心、分心與人生方向的解讀,app/web/static/article-registry.js,app/web/static/article-expansion-agy-matrix-backlog-v1-01.js,2304,LIGHT_EDIT,P2,SEARCH_INTENT_LAG,app/web/static/article-expansion-agy-matrix-backlog-v1-01.js，正文 2304 字。 主關鍵字「INTP-OH 是什麼」未在正文前 130 字內自然回答。,
TAROT-CUPS-KNIGHT,tarot,tarot-0055,tarot-0055,聖杯騎士意思：正位、逆位、感情與工作怎麼看,app/web/static/article-registry.js,app/web/static/article-bodies-scale-44.js + app/web/static/article-card-face-50.js,1782,KEEP,P3,,app/web/static/article-bodies-scale-44.js + app/web/static/article-card-face-50.js，正文 1782 字。 ,
MBTI-INTP-OC,personality,personality-0056,personality-0056,INTP-OC 是什麼？Pantheon 彈性思考、界線感與工作卡住的分析,app/web/static/article-registry.js,app/web/static/article-expansion-agy-matrix-backlog-v1-01.js,2283,LIGHT_EDIT,P2,SEARCH_INTENT_LAG,app/web/static/article-expansion-agy-matrix-backlog-v1-01.js，正文 2283 字。 主關鍵字「INTP-OC 是什麼」未在正文前 130 字內自然回答。,
TAROT-CUPS-QUEEN,tarot,tarot-0056,tarot-0056,聖杯皇后意思：正位、逆位、感情與工作怎麼看,app/web/static/article-registry.js,app/web/static/article-bodies-scale-44.js + app/web/static/article-card-face-50.js,1783,KEEP,P3,,app/web/static/article-bodies-scale-44.js + app/web/static/article-card-face-50.js，正文 1783 字。 ,
TAROT-CUPS-KING,tarot,tarot-0057,tarot-0057,聖杯國王意思：正位、逆位、感情與工作怎麼看,app/web/static/article-registry.js,app/web/static/article-bodies-scale-44.js + app/web/static/article-card-face-50.js,1789,KEEP,P3,,app/web/static/article-bodies-scale-44.js + app/web/static/article-card-face-50.js，正文 1789 字。 ,
TAROT-SWORDS-01,tarot,tarot-0058,tarot-0058,寶劍一意思：正位、逆位、感情與工作怎麼看,app/web/static/article-registry.js,app/web/static/article-bodies-scale-44.js,1167,KEEP,P3,,app/web/static/article-bodies-scale-44.js，正文 1167 字。 ,
TAROT-SWORDS-03,tarot,tarot-0059,tarot-0059,寶劍三意思：正位、逆位、感情與工作怎麼看,app/web/static/article-registry.js,app/web/static/article-bodies-scale-44.js,1157,KEEP,P3,,app/web/static/article-bodies-scale-44.js，正文 1157 字。 ,
TAROT-SWORDS-04,tarot,tarot-0060,tarot-0060,寶劍四意思：正位、逆位、感情與工作怎麼看,app/web/static/article-registry.js,app/web/static/article-bodies-scale-44.js,1150,KEEP,P3,,app/web/static/article-bodies-scale-44.js，正文 1150 字。 ,
TAROT-SWORDS-05,tarot,tarot-0061,tarot-0061,寶劍五意思：正位、逆位、感情與工作怎麼看,app/web/static/article-registry.js,app/web/static/article-bodies-scale-44.js,1175,KEEP,P3,,app/web/static/article-bodies-scale-44.js，正文 1175 字。 ,
TAROT-SWORDS-06,tarot,tarot-0062,tarot-0062,寶劍六意思：正位、逆位、感情與工作怎麼看,app/web/static/article-registry.js,app/web/static/article-bodies-scale-44.js,1165,KEEP,P3,,app/web/static/article-bodies-scale-44.js，正文 1165 字。 ,
TAROT-SWORDS-08,tarot,tarot-0063,tarot-0063,寶劍八意思：正位、逆位、感情與工作怎麼看,app/web/static/article-registry.js,app/web/static/article-bodies-scale-44.js,1163,KEEP,P3,,app/web/static/article-bodies-scale-44.js，正文 1163 字。 ,
TAROT-SWORDS-10,tarot,tarot-0064,tarot-0064,寶劍十意思：正位、逆位、感情與工作怎麼看,app/web/static/article-registry.js,app/web/static/article-bodies-scale-44.js,1185,KEEP,P3,,app/web/static/article-bodies-scale-44.js，正文 1185 字。 ,
TAROT-SWORDS-PAGE,tarot,tarot-0065,tarot-0065,寶劍侍者意思：正位、逆位、感情與工作怎麼看,app/web/static/article-registry.js,app/web/static/article-bodies-scale-44.js,1183,KEEP,P3,,app/web/static/article-bodies-scale-44.js，正文 1183 字。 ,
TAROT-SWORDS-KNIGHT,tarot,tarot-0066,tarot-0066,寶劍騎士意思：正位、逆位、感情與工作怎麼看,app/web/static/article-registry.js,app/web/static/article-bodies-scale-44.js,1212,KEEP,P3,,app/web/static/article-bodies-scale-44.js，正文 1212 字。 ,
TAROT-SWORDS-QUEEN,tarot,tarot-0067,tarot-0067,寶劍皇后意思：正位、逆位、感情與工作怎麼看,app/web/static/article-registry.js,app/web/static/article-bodies-scale-44.js,1166,KEEP,P3,,app/web/static/article-bodies-scale-44.js，正文 1166 字。 ,
TAROT-SWORDS-KING,tarot,tarot-0068,tarot-0068,寶劍國王意思：正位、逆位、感情與工作怎麼看,app/web/static/article-registry.js,app/web/static/article-bodies-scale-44.js,1160,KEEP,P3,,app/web/static/article-bodies-scale-44.js，正文 1160 字。 ,
TAROT-PENTACLES-01,tarot,tarot-0069,tarot-0069,錢幣一意思：正位、逆位、感情與工作怎麼看,app/web/static/article-registry.js,app/web/static/article-bodies-scale-44.js,1179,KEEP,P3,,app/web/static/article-bodies-scale-44.js，正文 1179 字。 ,
TAROT-PENTACLES-02,tarot,tarot-0070,tarot-0070,錢幣二意思：正位、逆位、感情與工作怎麼看,app/web/static/article-registry.js,app/web/static/article-bodies-scale-44.js,1164,KEEP,P3,,app/web/static/article-bodies-scale-44.js，正文 1164 字。 ,
TAROT-PENTACLES-03,tarot,tarot-0071,tarot-0071,錢幣三意思：正位、逆位、感情與工作怎麼看,app/web/static/article-registry.js,app/web/static/article-bodies-scale-44.js,1141,KEEP,P3,,app/web/static/article-bodies-scale-44.js，正文 1141 字。 ,
TAROT-PENTACLES-04,tarot,tarot-0072,tarot-0072,錢幣四意思：正位、逆位、感情與工作怎麼看,app/web/static/article-registry.js,app/web/static/article-bodies-scale-44.js,1119,KEEP,P3,,app/web/static/article-bodies-scale-44.js，正文 1119 字。 ,
TAROT-PENTACLES-06,tarot,tarot-0073,tarot-0073,錢幣六意思：正位、逆位、感情與工作怎麼看,app/web/static/article-registry.js,app/web/static/article-bodies-scale-44.js,1129,KEEP,P3,,app/web/static/article-bodies-scale-44.js，正文 1129 字。 ,
TAROT-PENTACLES-07,tarot,tarot-0074,tarot-0074,錢幣七意思：正位、逆位、感情與工作怎麼看,app/web/static/article-registry.js,app/web/static/article-bodies-scale-44.js,1179,KEEP,P3,,app/web/static/article-bodies-scale-44.js，正文 1179 字。 ,
TAROT-PENTACLES-08,tarot,tarot-0075,tarot-0075,錢幣八意思：正位、逆位、感情與工作怎麼看,app/web/static/article-registry.js,app/web/static/article-bodies-scale-44.js,1168,KEEP,P3,,app/web/static/article-bodies-scale-44.js，正文 1168 字。 ,
TAROT-PENTACLES-09,tarot,tarot-0076,tarot-0076,錢幣九意思：正位、逆位、感情與工作怎麼看,app/web/static/article-registry.js,app/web/static/article-bodies-scale-44.js,1157,KEEP,P3,,app/web/static/article-bodies-scale-44.js，正文 1157 字。 ,
TAROT-PENTACLES-10,tarot,tarot-0077,tarot-0077,錢幣十意思：牌面、正位、逆位、感情與工作怎麼看,app/web/static/article-registry.js,app/web/static/article-bodies-tarot-completion-4.js,1728,KEEP,P3,,app/web/static/article-bodies-tarot-completion-4.js，正文 1728 字。 ,
TAROT-PENTACLES-PAGE,tarot,tarot-0078,tarot-0078,錢幣侍者意思：牌面、正位、逆位、感情與工作怎麼看,app/web/static/article-registry.js,app/web/static/article-bodies-tarot-completion-4.js,1726,KEEP,P3,,app/web/static/article-bodies-tarot-completion-4.js，正文 1726 字。 ,
TAROT-PENTACLES-KNIGHT,tarot,tarot-0079,tarot-0079,錢幣騎士意思：牌面、正位、逆位、感情與工作怎麼看,app/web/static/article-registry.js,app/web/static/article-bodies-tarot-completion-4.js,1675,KEEP,P3,,app/web/static/article-bodies-tarot-completion-4.js，正文 1675 字。 ,
TAROT-PENTACLES-QUEEN,tarot,tarot-0080,tarot-0080,錢幣皇后意思：牌面、正位、逆位、感情與工作怎麼看,app/web/static/article-registry.js,app/web/static/article-bodies-tarot-completion-4.js,1741,KEEP,P3,,app/web/static/article-bodies-tarot-completion-4.js，正文 1741 字。 ,
